app_id,identifier,status,files,error,url
2048-vita,psvitaalive-2048-vita,ok,2048-vita.vpk;icon0.png;shot_01.png;shot_02.png;SOURCES.txt,,https://archive.org/details/psvitaalive-2048-vita
2playerspong,psvitaalive-2playerspong,ok,1049-2PlayersPong.vpk;icon0.png;shot_01.png;SOURCES.txt,,https://archive.org/details/psvitaalive-2playerspong
2ship2harkinian-vita,psvitaalive-2ship2harkinian-vita,ok,2ship2harkinian-vita.vpk;icon0.png;shot_01.png;shot_02.png;shot_03.png;shot_04.png;shot_05.png;SOURCES.txt,,https://archive.org/details/psvitaalive-2ship2harkinian-vita
32-secs-vita,psvitaalive-32-secs-vita,ok,32-secs-vita.vpk;icon0.png;shot_01.png;shot_02.png;shot_03.png;shot_04.png;shot_05.png;SOURCES.txt,,https://archive.org/details/psvitaalive-32-secs-vita
4rows,psvitaalive-4rows,ok,4rows.vpk;icon0.png;shot_01.png;shot_02.png;SOURCES.txt,,https://archive.org/details/psvitaalive-4rows
7-billion-humans-vita,psvitaalive-7-billion-humans-vita,ok,7-billion-humans-vita.vpk;icon0.png;shot_01.png;shot_02.png;shot_03.png;shot_04.png;shot_05.png;SOURCES.txt,,https://archive.org/details/psvitaalive-7-billion-humans-vita
8bitbayonetta,psvitaalive-8bitbayonetta,ok,8bitbayonetta.vpk;icon0.png;shot_01.png;SOURCES.txt,,https://archive.org/details/psvitaalive-8bitbayonetta
a-bite-at-freddy-s-vita,psvitaalive-a-bite-at-freddy-s-vita,ok,a-bite-at-freddy-s-vita.vpk;icon0.png;shot_01.png;shot_02.png;shot_03.png;shot_04.png;shot_05.png;SOURCES.txt,,https://archive.org/details/psvitaalive-a-bite-at-freddy-s-vita
a-maze-planet,psvitaalive-a-maze-planet,ok,a-maze-planet.vpk;icon0.png;shot_01.png;shot_02.png;shot_03.png;shot_04.png;shot_05.png;SOURCES.txt,,https://archive.org/details/psvitaalive-a-maze-planet
a-super-small-shmup,psvitaalive-a-super-small-shmup,ok,a-super-small-shmup.vpk;icon0.png;shot_01.png;shot_02.png;shot_03.png;shot_04.png;shot_05.png;SOURCES.txt,,https://archive.org/details/psvitaalive-a-super-small-shmup
abbaye-des-morts-vita,psvitaalive-abbaye-des-morts-vita,ok,abbaye-des-morts-vita.vpk;icon0.png;shot_01.png;shot_02.png;shot_03.png;shot_04.png;shot_05.png;SOURCES.txt,,https://archive.org/details/psvitaalive-abbaye-des-morts-vita
abbey-of-crime,psvitaalive-abbey-of-crime,ok,abbey-of-crime.vpk;icon0.png;shot_01.png;shot_02.png;SOURCES.txt,,https://archive.org/details/psvitaalive-abbey-of-crime
abuse-vita,psvitaalive-abuse-vita,error,abuse-vita.vpk;icon0.png;shot_01.png;shot_02.png;shot_03.png;shot_04.png;shot_05.png;SOURCES.txt,"HTTPError:  error uploading abuse-vita.vpk to psvitaalive-abuse-vita, Please reduce your request rate. - Your upload of psvitaalive-abuse-vita from username juanpinzon500@gmail.com appears to be spam. If you believe this is a mistake, contact info@archive.org and include this entire message in your email.",
abuse-vita,psvitaalive-abuse-vita,ok,abuse-vita.vpk;icon0.png;shot_01.png;shot_02.png;shot_03.png;shot_04.png;shot_05.png;SOURCES.txt,,https://archive.org/details/psvitaalive-abuse-vita
abyss,psvitaalive-abyss,ok,abyss.vpk;icon0.png;shot_01.png;shot_02.png;shot_03.png;shot_04.png;shot_05.png;SOURCES.txt,,https://archive.org/details/psvitaalive-abyss
accountswitcher,psvitaalive-accountswitcher,ok,accountswitcher.vpk;icon0.png;shot_01.png;SOURCES.txt,,https://archive.org/details/psvitaalive-accountswitcher
activate-vpk,psvitaalive-activate-vpk,ok,activate.vpk;icon0.png;shot_01.png;SOURCES.txt,,https://archive.org/details/psvitaalive-activate-vpk
adrbubblebooterinstaller,psvitaalive-adrbubblebooterinstaller,ok,adrbubblebooterinstaller.vpk;icon0.png;shot_01.png;SOURCES.txt,,https://archive.org/details/psvitaalive-adrbubblebooterinstaller
adrenaline,psvitaalive-adrenaline,ok,adrenaline.vpk;icon0.png;shot_01.png;shot_02.png;SOURCES.txt,,https://archive.org/details/psvitaalive-adrenaline
adrenaline-bubbles-manager,psvitaalive-adrenaline-bubbles-manager,ok,AdrenalineBubbleManager.vpk;icon0.png;shot_01.png;SOURCES.txt,,https://archive.org/details/psvitaalive-adrenaline-bubbles-manager
adrenalineeasyinstaller,psvitaalive-adrenalineeasyinstaller,ok,adrenalineeasyinstaller.vpk;icon0.png;shot_01.png;shot_02.png;shot_03.png;shot_04.png;shot_05.png;SOURCES.txt,,https://archive.org/details/psvitaalive-adrenalineeasyinstaller
advremap,psvitaalive-advremap,ok,advremap.vpk;icon0.png;shot_01.png;SOURCES.txt,,https://archive.org/details/psvitaalive-advremap
aerofoil-vita,psvitaalive-aerofoil-vita,ok,aerofoil-vita.vpk;icon0.png;shot_01.png;shot_02.png;shot_03.png;shot_04.png;shot_05.png;SOURCES.txt,,https://archive.org/details/psvitaalive-aerofoil-vita
after-burner-climax-vita,psvitaalive-after-burner-climax-vita,ok,after-burner-climax-vita.vpk;icon0.png;shot_01.png;shot_02.png;shot_03.png;shot_04.png;shot_05.png;SOURCES.txt,,https://archive.org/details/psvitaalive-after-burner-climax-vita
age-of-war-vita,psvitaalive-age-of-war-vita,ok,age-of-war-vita.vpk;icon0.png;shot_01.png;SOURCES.txt,,https://archive.org/details/psvitaalive-age-of-war-vita
agwoan,psvitaalive-agwoan,ok,agwoan.vpk;icon0.png;shot_01.png;shot_02.png;shot_03.png;shot_04.png;shot_05.png;SOURCES.txt,,https://archive.org/details/psvitaalive-agwoan
air-pressure,psvitaalive-air-pressure,ok,air-pressure.vpk;icon0.png;shot_01.png;shot_02.png;SOURCES.txt,,https://archive.org/details/psvitaalive-air-pressure
alisa-vita,psvitaalive-alisa-vita,ok,alisa-vita.vpk;icon0.png;shot_01.png;shot_02.png;shot_03.png;shot_04.png;shot_05.png;SOURCES.txt,,https://archive.org/details/psvitaalive-alisa-vita
an-untitled-story,psvitaalive-an-untitled-story,ok,an-untitled-story.vpk;icon0.png;shot_01.png;shot_02.png;shot_03.png;shot_04.png;shot_05.png;SOURCES.txt,,https://archive.org/details/psvitaalive-an-untitled-story
anarch-vita,psvitaalive-anarch-vita,ok,anarch-vita.vpk;icon0.png;shot_01.png;shot_02.png;shot_03.png;shot_04.png;shot_05.png;SOURCES.txt,,https://archive.org/details/psvitaalive-anarch-vita
ancient-villa,psvitaalive-ancient-villa,ok,ancient-villa.vpk;icon0.png;shot_01.png;shot_02.png;shot_03.png;shot_04.png;shot_05.png;SOURCES.txt,,https://archive.org/details/psvitaalive-ancient-villa
angel-collide,psvitaalive-angel-collide,ok,angel-collide.vpk;icon0.png;shot_01.png;shot_02.png;shot_03.png;shot_04.png;shot_05.png;SOURCES.txt,,https://archive.org/details/psvitaalive-angel-collide
animal-crossing-vita,psvitaalive-animal-crossing-vita,ok,animal-crossing-vita.vpk;icon0.png;shot_01.png;shot_02.png;shot_03.png;shot_04.png;shot_05.png;SOURCES.txt,,https://archive.org/details/psvitaalive-animal-crossing-vita
animal-vitas,psvitaalive-animal-vitas,ok,animal-vitas.vpk;icon0.png;shot_01.png;shot_02.png;shot_03.png;shot_04.png;shot_05.png;SOURCES.txt,,https://archive.org/details/psvitaalive-animal-vitas
animancer,psvitaalive-animancer,ok,animancer.vpk;icon0.png;shot_01.png;SOURCES.txt,,https://archive.org/details/psvitaalive-animancer
anomaly-2-vita,psvitaalive-anomaly-2-vita,ok,anomaly-2-vita.vpk;icon0.png;shot_01.png;shot_02.png;shot_03.png;shot_04.png;shot_05.png;SOURCES.txt,,https://archive.org/details/psvitaalive-anomaly-2-vita
anomaly-defenders-vita,psvitaalive-anomaly-defenders-vita,ok,anomaly-defenders-vita.vpk;icon0.png;shot_01.png;shot_02.png;shot_03.png;shot_04.png;shot_05.png;SOURCES.txt,,https://archive.org/details/psvitaalive-anomaly-defenders-vita
anomaly-korea-vita,psvitaalive-anomaly-korea-vita,ok,anomaly-korea-vita.vpk;icon0.png;shot_01.png;shot_02.png;shot_03.png;shot_04.png;shot_05.png;SOURCES.txt,,https://archive.org/details/psvitaalive-anomaly-korea-vita
anomaly-we-vita,psvitaalive-anomaly-we-vita,ok,anomaly-we-vita.vpk;icon0.png;shot_01.png;shot_02.png;shot_03.png;shot_04.png;shot_05.png;SOURCES.txt,,https://archive.org/details/psvitaalive-anomaly-we-vita
another-metroid-2-remake,psvitaalive-another-metroid-2-remake,ok,another-metroid-2-remake.vpk;icon0.png;shot_01.png;shot_02.png;SOURCES.txt,,https://archive.org/details/psvitaalive-another-metroid-2-remake
another-world-vita,psvitaalive-another-world-vita,ok,another-world-vita.vpk;icon0.png;shot_01.png;shot_02.png;SOURCES.txt,,https://archive.org/details/psvitaalive-another-world-vita
antiblacklist,psvitaalive-antiblacklist,ok,antiblacklist.vpk;icon0.png;shot_01.png;shot_02.png;shot_03.png;shot_04.png;shot_05.png;SOURCES.txt,,https://archive.org/details/psvitaalive-antiblacklist
aperture-reconstructed,psvitaalive-aperture-reconstructed,ok,aperture-reconstructed.vpk;icon0.png;shot_01.png;shot_02.png;shot_03.png;shot_04.png;shot_05.png;SOURCES.txt,,https://archive.org/details/psvitaalive-aperture-reconstructed
apollo-save-tool,psvitaalive-apollo-save-tool,ok,apollo-save-tool.vpk;icon0.png;shot_01.png;shot_02.png;shot_03.png;shot_04.png;shot_05.png;SOURCES.txt,,https://archive.org/details/psvitaalive-apollo-save-tool
app-db-tool,psvitaalive-app-db-tool,ok,app-db-tool.vpk;icon0.png;shot_01.png;shot_02.png;SOURCES.txt,,https://archive.org/details/psvitaalive-app-db-tool
application-storage-manager,psvitaalive-application-storage-manager,ok,application-storage-manager.vpk;icon0.png;shot_01.png;shot_02.png;shot_03.png;SOURCES.txt,,https://archive.org/details/psvitaalive-application-storage-manager
applocker,psvitaalive-applocker,ok,applocker.vpk;icon0.png;shot_01.png;shot_02.png;shot_03.png;shot_04.png;SOURCES.txt,,https://archive.org/details/psvitaalive-applocker
ars-poetica,psvitaalive-ars-poetica,ok,ars-poetica.vpk;icon0.png;shot_01.png;shot_02.png;shot_03.png;shot_04.png;shot_05.png;SOURCES.txt,,https://archive.org/details/psvitaalive-ars-poetica
arx-libertatis,psvitaalive-arx-libertatis,ok,arx-libertatis.vpk;icon0.png;shot_01.png;shot_02.png;shot_03.png;shot_04.png;shot_05.png;SOURCES.txt,,https://archive.org/details/psvitaalive-arx-libertatis
assessment-examination-vita,psvitaalive-assessment-examination-vita,ok,assessment-examination-vita.vpk;icon0.png;shot_01.png;shot_02.png;shot_03.png;shot_04.png;SOURCES.txt,,https://archive.org/details/psvitaalive-assessment-examination-vita
astro-rush,psvitaalive-astro-rush,ok,astro-rush.vpk;icon0.png;shot_01.png;SOURCES.txt,,https://archive.org/details/psvitaalive-astro-rush
atlantis,psvitaalive-atlantis,ok,atlantis.vpk;icon0.png;shot_01.png;shot_02.png;shot_03.png;shot_04.png;shot_05.png;SOURCES.txt,,https://archive.org/details/psvitaalive-atlantis
atomiks-vita,psvitaalive-atomiks-vita,ok,atomiks-vita.vpk;icon0.png;shot_01.png;shot_02.png;shot_03.png;shot_04.png;shot_05.png;SOURCES.txt,,https://archive.org/details/psvitaalive-atomiks-vita
attack-of-the-lettuce-munching-caterpillars,psvitaalive-attack-of-the-lettuce-munching-caterpillars,ok,attack-of-the-lettuce-munching-caterpillars.vpk;icon0.png;shot_01.png;shot_02.png;shot_03.png;shot_04.png;shot_05.png;SOURCES.txt,,https://archive.org/details/psvitaalive-attack-of-the-lettuce-munching-caterpillars
augustus,psvitaalive-augustus,ok,augustus.vpk;icon0.png;shot_01.png;SOURCES.txt,,https://archive.org/details/psvitaalive-augustus
autoplugin-2,psvitaalive-autoplugin-2,ok,AutoPlugin2.vpk;icon0.png;shot_01.png;SOURCES.txt,,https://archive.org/details/psvitaalive-autoplugin-2
avp-gold,psvitaalive-avp-gold,ok,avp-gold.vpk;icon0.png;shot_01.png;shot_02.png;shot_03.png;shot_04.png;shot_05.png;SOURCES.txt,,https://archive.org/details/psvitaalive-avp-gold
baba-is-you-vita,psvitaalive-baba-is-you-vita,ok,baba-is-you-vita.vpk;icon0.png;shot_01.png;shot_02.png;shot_03.png;shot_04.png;shot_05.png;SOURCES.txt,,https://archive.org/details/psvitaalive-baba-is-you-vita
babel-rising-3d-vita,psvitaalive-babel-rising-3d-vita,ok,babel-rising-3d-vita.vpk;icon0.png;shot_01.png;shot_02.png;shot_03.png;shot_04.png;shot_05.png;SOURCES.txt,,https://archive.org/details/psvitaalive-babel-rising-3d-vita
backrooms,psvitaalive-backrooms,ok,backrooms.vpk;icon0.png;shot_01.png;shot_02.png;shot_03.png;shot_04.png;SOURCES.txt,,https://archive.org/details/psvitaalive-backrooms
bad-apple-vita,psvitaalive-bad-apple-vita,ok,bad-apple-vita.vpk;icon0.png;shot_01.png;shot_02.png;shot_03.png;shot_04.png;SOURCES.txt,,https://archive.org/details/psvitaalive-bad-apple-vita
bad-piggies,psvitaalive-bad-piggies,ok,bad-piggies.vpk;icon0.png;shot_01.png;SOURCES.txt,,https://archive.org/details/psvitaalive-bad-piggies
balatro-vita,psvitaalive-balatro-vita,ok,balatro-vita.vpk;icon0.png;shot_01.png;shot_02.png;shot_03.png;shot_04.png;shot_05.png;SOURCES.txt,,https://archive.org/details/psvitaalive-balatro-vita
baldi-s-basics-classic,psvitaalive-baldi-s-basics-classic,ok,baldi-s-basics-classic.vpk;icon0.png;shot_01.png;shot_02.png;shot_03.png;shot_04.png;shot_05.png;SOURCES.txt,,https://archive.org/details/psvitaalive-baldi-s-basics-classic
baldur-s-gate-dark-alliance-vita,psvitaalive-baldur-s-gate-dark-alliance-vita,ok,baldur-s-gate-dark-alliance-vita.vpk;icon0.png;shot_01.png;shot_02.png;shot_03.png;shot_04.png;shot_05.png;SOURCES.txt,,https://archive.org/details/psvitaalive-baldur-s-gate-dark-alliance-vita
barony-vita,psvitaalive-barony-vita,ok,barony-vita.vpk;icon0.png;shot_01.png;shot_02.png;shot_03.png;shot_04.png;shot_05.png;SOURCES.txt,,https://archive.org/details/psvitaalive-barony-vita
bartender,psvitaalive-bartender,ok,bartender.vpk;icon0.png;shot_01.png;shot_02.png;shot_03.png;shot_04.png;shot_05.png;SOURCES.txt,,https://archive.org/details/psvitaalive-bartender
basilisk-ii,psvitaalive-basilisk-ii,ok,BasiliskII_Vita_v0.33h.vpk;icon0.png;shot_01.png;shot_02.png;shot_03.png;shot_04.png;shot_05.png;SOURCES.txt,,https://archive.org/details/psvitaalive-basilisk-ii
batman-doom,psvitaalive-batman-doom,ok,BatmanDoom.vpk;icon0.png;shot_01.png;SOURCES.txt,,https://archive.org/details/psvitaalive-batman-doom
battery-indicator,psvitaalive-battery-indicator,ok,battery-indicator.vpk;icon0.png;shot_01.png;shot_02.png;shot_03.png;SOURCES.txt,,https://archive.org/details/psvitaalive-battery-indicator
battleship-arena,psvitaalive-battleship-arena,ok,battleship-arena.vpk;icon0.png;shot_01.png;shot_02.png;SOURCES.txt,,https://archive.org/details/psvitaalive-battleship-arena
battleship-vita,psvitaalive-battleship-vita,ok,battleship-vita.vpk;icon0.png;shot_01.png;shot_02.png;shot_03.png;SOURCES.txt,,https://archive.org/details/psvitaalive-battleship-vita
bc2-vita,psvitaalive-bc2-vita,ok,bc2-vita.vpk;icon0.png;shot_01.png;shot_02.png;shot_03.png;shot_04.png;shot_05.png;SOURCES.txt,,https://archive.org/details/psvitaalive-bc2-vita
beat-banger,psvitaalive-beat-banger,ok,beat-banger.vpk;icon0.png;shot_01.png;shot_02.png;shot_03.png;shot_04.png;shot_05.png;SOURCES.txt,,https://archive.org/details/psvitaalive-beat-banger
beat-hazard-2-vita,psvitaalive-beat-hazard-2-vita,ok,beat-hazard-2-vita.vpk;icon0.png;shot_01.png;shot_02.png;shot_03.png;shot_04.png;shot_05.png;SOURCES.txt,,https://archive.org/details/psvitaalive-beat-hazard-2-vita
beat-master,psvitaalive-beat-master,ok,beat-master.vpk;icon0.png;shot_01.png;shot_02.png;SOURCES.txt,,https://archive.org/details/psvitaalive-beat-master
beat2x-vita,psvitaalive-beat2x-vita,ok,beat2x-vita.vpk;icon0.png;shot_01.png;shot_02.png;shot_03.png;shot_04.png;shot_05.png;SOURCES.txt,,https://archive.org/details/psvitaalive-beat2x-vita
beginning-of-the-end,psvitaalive-beginning-of-the-end,ok,beginning-of-the-end.vpk;icon0.png;shot_01.png;SOURCES.txt,,https://archive.org/details/psvitaalive-beginning-of-the-end
behind-every-great-one,psvitaalive-behind-every-great-one,ok,behind-every-great-one.vpk;icon0.png;shot_01.png;shot_02.png;shot_03.png;shot_04.png;shot_05.png;SOURCES.txt,,https://archive.org/details/psvitaalive-behind-every-great-one
benny,psvitaalive-benny,ok,benny.vpk;icon0.png;shot_01.png;shot_02.png;shot_03.png;shot_04.png;shot_05.png;SOURCES.txt,,https://archive.org/details/psvitaalive-benny
bermuda-vita,psvitaalive-bermuda-vita,ok,bermuda-vita.vpk;icon0.png;shot_01.png;shot_02.png;shot_03.png;SOURCES.txt,,https://archive.org/details/psvitaalive-bermuda-vita
bernard-chronicles,psvitaalive-bernard-chronicles,ok,bernard-chronicles.vpk;icon0.png;shot_01.png;shot_02.png;SOURCES.txt,,https://archive.org/details/psvitaalive-bernard-chronicles
better-browser-downloader,psvitaalive-better-browser-downloader,ok,better-browser-downloader.vpk;icon0.png;shot_01.png;SOURCES.txt,,https://archive.org/details/psvitaalive-better-browser-downloader
better-homebrew-browser,psvitaalive-better-homebrew-browser,ok,BetterHomebrewBrowser.vpk;icon0.png;shot_01.png;shot_02.png;shot_03.png;shot_04.png;shot_05.png;SOURCES.txt,,https://archive.org/details/psvitaalive-better-homebrew-browser
better-qr-scanner,psvitaalive-better-qr-scanner,ok,better-qr-scanner.vpk;icon0.png;shot_01.png;shot_02.png;shot_03.png;shot_04.png;SOURCES.txt,,https://archive.org/details/psvitaalive-better-qr-scanner
bewilder-house-vita,psvitaalive-bewilder-house-vita,ok,bewilder-house-vita.vpk;icon0.png;shot_01.png;shot_02.png;shot_03.png;shot_04.png;shot_05.png;SOURCES.txt,,https://archive.org/details/psvitaalive-bewilder-house-vita
bg2v,psvitaalive-bg2v,ok,bg2v.vpk;icon0.png;shot_01.png;shot_02.png;shot_03.png;shot_04.png;shot_05.png;SOURCES.txt,,https://archive.org/details/psvitaalive-bg2v
bigboyboxing-vita,psvitaalive-bigboyboxing-vita,ok,bigboyboxing-vita.vpk;icon0.png;shot_01.png;shot_02.png;shot_03.png;shot_04.png;shot_05.png;SOURCES.txt,,https://archive.org/details/psvitaalive-bigboyboxing-vita
billy-frontier-vita,psvitaalive-billy-frontier-vita,ok,billy-frontier-vita.vpk;icon0.png;shot_01.png;shot_02.png;shot_03.png;shot_04.png;shot_05.png;SOURCES.txt,,https://archive.org/details/psvitaalive-billy-frontier-vita
biohazard4-vita,psvitaalive-biohazard4-vita,ok,biohazard4-vita.vpk;icon0.png;shot_01.png;shot_02.png;shot_03.png;shot_04.png;shot_05.png;SOURCES.txt,,https://archive.org/details/psvitaalive-biohazard4-vita
biplanes-revival,psvitaalive-biplanes-revival,ok,biplanes-revival.vpk;icon0.png;shot_01.png;shot_02.png;shot_03.png;shot_04.png;shot_05.png;SOURCES.txt,,https://archive.org/details/psvitaalive-biplanes-revival
bit-clicker,psvitaalive-bit-clicker,ok,bit-clicker.vpk;icon0.png;shot_01.png;SOURCES.txt,,https://archive.org/details/psvitaalive-bit-clicker
bitbot-runners,psvitaalive-bitbot-runners,ok,bitbot-runners.vpk;icon0.png;shot_01.png;shot_02.png;SOURCES.txt,,https://archive.org/details/psvitaalive-bitbot-runners
black-sails-curse-of-the-deep,psvitaalive-black-sails-curse-of-the-deep,ok,black-sails-curse-of-the-deep.vpk;icon0.png;shot_01.png;shot_02.png;shot_03.png;shot_04.png;shot_05.png;SOURCES.txt,,https://archive.org/details/psvitaalive-black-sails-curse-of-the-deep
blakestone-vita,psvitaalive-blakestone-vita,ok,BlakeStone.0.5.1.vpk;icon0.png;shot_01.png;SOURCES.txt,,https://archive.org/details/psvitaalive-blakestone-vita
blasphemous-vita,psvitaalive-blasphemous-vita,ok,blasphemous-vita.vpk;icon0.png;shot_01.png;shot_02.png;shot_03.png;shot_04.png;shot_05.png;SOURCES.txt,,https://archive.org/details/psvitaalive-blasphemous-vita
blockamok-remix,psvitaalive-blockamok-remix,ok,BlockamokRemix-v1.2-vita.vpk;icon0.png;shot_01.png;shot_02.png;SOURCES.txt,,https://archive.org/details/psvitaalive-blockamok-remix
blockout-ii,psvitaalive-blockout-ii,ok,blockout-ii.vpk;icon0.png;shot_01.png;shot_02.png;shot_03.png;shot_04.png;SOURCES.txt,,https://archive.org/details/psvitaalive-blockout-ii
bloons-td-5-vita,psvitaalive-bloons-td-5-vita,ok,btd5-vita-v1.01.vpk;icon0.png;shot_01.png;shot_02.png;shot_03.png;shot_04.png;shot_05.png;SOURCES.txt,,https://archive.org/details/psvitaalive-bloons-td-5-vita
blue-bayou,psvitaalive-blue-bayou,ok,blue-bayou.vpk;icon0.png;shot_01.png;shot_02.png;shot_03.png;shot_04.png;shot_05.png;SOURCES.txt,,https://archive.org/details/psvitaalive-blue-bayou
bogglevita,psvitaalive-bogglevita,ok,boggle_v2.0.VPK;icon0.png;shot_01.png;SOURCES.txt,,https://archive.org/details/psvitaalive-bogglevita
bogglevita-bogglestg,psvitaalive-bogglevita-bogglestg,ok,bogglevita-bogglestg.vpk;icon0.png;shot_01.png;SOURCES.txt,,https://archive.org/details/psvitaalive-bogglevita-bogglestg
boiled-corn,psvitaalive-boiled-corn,ok,boiled-corn.vpk;icon0.png;shot_01.png;SOURCES.txt,,https://archive.org/details/psvitaalive-boiled-corn
bonkbots,psvitaalive-bonkbots,ok,bonkbots.vpk;icon0.png;shot_01.png;shot_02.png;shot_03.png;shot_04.png;shot_05.png;SOURCES.txt,,https://archive.org/details/psvitaalive-bonkbots
book-of-the-dead-vita,psvitaalive-book-of-the-dead-vita,ok,book-of-the-dead-vita.vpk;icon0.png;shot_01.png;SOURCES.txt,,https://archive.org/details/psvitaalive-book-of-the-dead-vita
bookr-mod-vita,psvitaalive-bookr-mod-vita,ok,bookr-mod-vita.vpk;icon0.png;shot_01.png;shot_02.png;shot_03.png;shot_04.png;SOURCES.txt,,https://archive.org/details/psvitaalive-bookr-mod-vita
bopit,psvitaalive-bopit,ok,bopit.vpk;icon0.png;shot_01.png;shot_02.png;shot_03.png;shot_04.png;shot_05.png;SOURCES.txt,,https://archive.org/details/psvitaalive-bopit
boris-and-the-dark-survival,psvitaalive-boris-and-the-dark-survival,ok,boris-and-the-dark-survival.vpk;icon0.png;shot_01.png;SOURCES.txt,,https://archive.org/details/psvitaalive-boris-and-the-dark-survival
bounce-vita,psvitaalive-bounce-vita,ok,bounce-vita.vpk;icon0.png;shot_01.png;shot_02.png;shot_03.png;SOURCES.txt,,https://archive.org/details/psvitaalive-bounce-vita
boxing-girl,psvitaalive-boxing-girl,ok,boxing-girl.vpk;icon0.png;shot_01.png;shot_02.png;shot_03.png;shot_04.png;shot_05.png;SOURCES.txt,,https://archive.org/details/psvitaalive-boxing-girl
brain-splitter,psvitaalive-brain-splitter,ok,brain-splitter.vpk;icon0.png;shot_01.png;shot_02.png;shot_03.png;shot_04.png;shot_05.png;SOURCES.txt,,https://archive.org/details/psvitaalive-brain-splitter
breadtopia,psvitaalive-breadtopia,ok,breadtopia.vpk;icon0.png;shot_01.png;shot_02.png;shot_03.png;shot_04.png;shot_05.png;SOURCES.txt,,https://archive.org/details/psvitaalive-breadtopia
breakveetout,psvitaalive-breakveetout,ok,breakveetout.vpk;icon0.png;shot_01.png;shot_02.png;SOURCES.txt,,https://archive.org/details/psvitaalive-breakveetout
breakveetout-bvo000001,psvitaalive-breakveetout-bvo000001,ok,BreakVeetOut_v0.3.vpk;icon0.png;shot_01.png;SOURCES.txt,,https://archive.org/details/psvitaalive-breakveetout-bvo000001
brickrace-1990,psvitaalive-brickrace-1990,ok,brickrace-1990.vpk;icon0.png;shot_01.png;shot_02.png;shot_03.png;shot_04.png;shot_05.png;SOURCES.txt,,https://archive.org/details/psvitaalive-brickrace-1990
bubble-recall,psvitaalive-bubble-recall,ok,bubble-recall.vpk;icon0.png;shot_01.png;shot_02.png;SOURCES.txt,,https://archive.org/details/psvitaalive-bubble-recall
bubblepunk,psvitaalive-bubblepunk,ok,bubblepunk.vpk;icon0.png;shot_01.png;shot_02.png;shot_03.png;shot_04.png;shot_05.png;SOURCES.txt,,https://archive.org/details/psvitaalive-bubblepunk
bugdom,psvitaalive-bugdom,ok,bugdom.vpk;icon0.png;shot_01.png;shot_02.png;SOURCES.txt,,https://archive.org/details/psvitaalive-bugdom
bugdom-2-vita,psvitaalive-bugdom-2-vita,ok,bugdom-2-vita.vpk;icon0.png;shot_01.png;shot_02.png;shot_03.png;shot_04.png;shot_05.png;SOURCES.txt,,https://archive.org/details/psvitaalive-bugdom-2-vita
bully-vita,psvitaalive-bully-vita,ok,bully-vita.vpk;icon0.png;shot_01.png;shot_02.png;shot_03.png;shot_04.png;shot_05.png;SOURCES.txt,,https://archive.org/details/psvitaalive-bully-vita
button-swapper,psvitaalive-button-swapper,ok,button-swapper.vpk;icon0.png;shot_01.png;SOURCES.txt,,https://archive.org/details/psvitaalive-button-swapper
call-of-vita-hackzone,psvitaalive-call-of-vita-hackzone,ok,call-of-vita-hackzone.vpk;icon0.png;shot_01.png;shot_02.png;shot_03.png;shot_04.png;shot_05.png;SOURCES.txt,,https://archive.org/details/psvitaalive-call-of-vita-hackzone
candy-crisis-vita,psvitaalive-candy-crisis-vita,ok,candy-crisis-vita.vpk;icon0.png;shot_01.png;shot_02.png;shot_03.png;shot_04.png;shot_05.png;SOURCES.txt,,https://archive.org/details/psvitaalive-candy-crisis-vita
candy-wrapper-vita,psvitaalive-candy-wrapper-vita,ok,candy-wrapper-vita.vpk;icon0.png;shot_01.png;SOURCES.txt,,https://archive.org/details/psvitaalive-candy-wrapper-vita
cannonball,psvitaalive-cannonball,ok,Cannonball_1.05.vpk;icon0.png;shot_01.png;shot_02.png;shot_03.png;shot_04.png;shot_05.png;SOURCES.txt,,https://archive.org/details/psvitaalive-cannonball
car-crossing,psvitaalive-car-crossing,ok,car-crossing.vpk;icon0.png;shot_01.png;SOURCES.txt,,https://archive.org/details/psvitaalive-car-crossing
cardunlock,psvitaalive-cardunlock,ok,cardunlock.vpk;icon0.png;shot_01.png;SOURCES.txt,,https://archive.org/details/psvitaalive-cardunlock
cars-vita,psvitaalive-cars-vita,ok,cars-vita.vpk;icon0.png;shot_01.png;shot_02.png;shot_03.png;shot_04.png;shot_05.png;SOURCES.txt,,https://archive.org/details/psvitaalive-cars-vita
cartoon-combatt-flying-circus,psvitaalive-cartoon-combatt-flying-circus,ok,cartoon-combatt-flying-circus.vpk;icon0.png;shot_01.png;shot_02.png;shot_03.png;shot_04.png;SOURCES.txt,,https://archive.org/details/psvitaalive-cartoon-combatt-flying-circus
castlevania-attack-vita,psvitaalive-castlevania-attack-vita,ok,castlevania-attack-vita.vpk;icon0.png;shot_01.png;shot_02.png;shot_03.png;shot_04.png;SOURCES.txt,,https://archive.org/details/psvitaalive-castlevania-attack-vita
cat-quest-vita,psvitaalive-cat-quest-vita,ok,cat-quest-vita.vpk;icon0.png;shot_01.png;shot_02.png;shot_03.png;shot_04.png;shot_05.png;SOURCES.txt,,https://archive.org/details/psvitaalive-cat-quest-vita
catacomb-vita,psvitaalive-catacomb-vita,ok,catacomb-vita.vpk;icon0.png;shot_01.png;shot_02.png;SOURCES.txt,,https://archive.org/details/psvitaalive-catacomb-vita
catsfc-libretro-vita,psvitaalive-catsfc-libretro-vita,ok,CATSFC-libretro-vita-1.3.0.vpk;icon0.png;shot_01.png;shot_02.png;SOURCES.txt,,https://archive.org/details/psvitaalive-catsfc-libretro-vita
cave-story-vita,psvitaalive-cave-story-vita,ok,cave-story-vita.vpk;icon0.png;shot_01.png;shot_02.png;shot_03.png;shot_04.png;SOURCES.txt,,https://archive.org/details/psvitaalive-cave-story-vita
ccleste-vita,psvitaalive-ccleste-vita,ok,ccleste-vita.vpk;icon0.png;shot_01.png;shot_02.png;shot_03.png;shot_04.png;shot_05.png;SOURCES.txt,,https://archive.org/details/psvitaalive-ccleste-vita
cex-2-rex-2-0,psvitaalive-cex-2-rex-2-0,ok,CEX2REX.vpk;icon0.png;shot_01.png;SOURCES.txt,,https://archive.org/details/psvitaalive-cex-2-rex-2-0
chasing-dawn,psvitaalive-chasing-dawn,ok,chasing-dawn.vpk;icon0.png;shot_01.png;shot_02.png;shot_03.png;shot_04.png;shot_05.png;SOURCES.txt,,https://archive.org/details/psvitaalive-chasing-dawn
chex-quest-vita,psvitaalive-chex-quest-vita,ok,chex-quest-vita.vpk;icon0.png;shot_01.png;SOURCES.txt,,https://archive.org/details/psvitaalive-chex-quest-vita
chicken-launcher,psvitaalive-chicken-launcher,ok,chicken-launcher.vpk;icon0.png;shot_01.png;shot_02.png;SOURCES.txt,,https://archive.org/details/psvitaalive-chicken-launcher
chimerasnes,psvitaalive-chimerasnes,ok,ChimeraSNES_v1.01.vpk;icon0.png;shot_01.png;SOURCES.txt,,https://archive.org/details/psvitaalive-chimerasnes
chinese-social-credit-test,psvitaalive-chinese-social-credit-test,ok,chinese-social-credit-test.vpk;icon0.png;shot_01.png;shot_02.png;SOURCES.txt,,https://archive.org/details/psvitaalive-chinese-social-credit-test
chocolate-doom,psvitaalive-chocolate-doom,ok,chocolate-doom.vpk;icon0.png;shot_01.png;shot_02.png;shot_03.png;shot_04.png;shot_05.png;SOURCES.txt,,https://archive.org/details/psvitaalive-chocolate-doom
chro-mono-2,psvitaalive-chro-mono-2,ok,chro-mono-2.vpk;icon0.png;shot_01.png;shot_02.png;shot_03.png;shot_04.png;shot_05.png;SOURCES.txt,,https://archive.org/details/psvitaalive-chro-mono-2
circuit-dude,psvitaalive-circuit-dude,ok,circuit-dude.vpk;icon0.png;shot_01.png;shot_02.png;shot_03.png;shot_04.png;shot_05.png;SOURCES.txt,,https://archive.org/details/psvitaalive-circuit-dude
clasherball,psvitaalive-clasherball,ok,clasherball.vpk;icon0.png;shot_01.png;shot_02.png;shot_03.png;shot_04.png;shot_05.png;SOURCES.txt,,https://archive.org/details/psvitaalive-clasherball
clonage-bulle-epsp,psvitaalive-clonage-bulle-epsp,ok,clonage-bulle-epsp.vpk;icon0.png;shot_01.png;SOURCES.txt,,https://archive.org/details/psvitaalive-clonage-bulle-epsp
cod-boz-vita,psvitaalive-cod-boz-vita,ok,cod-boz-vita.vpk;icon0.png;shot_01.png;shot_02.png;SOURCES.txt,,https://archive.org/details/psvitaalive-cod-boz-vita
coffee-talk-vita,psvitaalive-coffee-talk-vita,ok,coffee-talk-vita.vpk;icon0.png;shot_01.png;shot_02.png;shot_03.png;shot_04.png;shot_05.png;SOURCES.txt,,https://archive.org/details/psvitaalive-coffee-talk-vita
commander-genius,psvitaalive-commander-genius,ok,commander-genius.vpk;icon0.png;shot_01.png;shot_02.png;shot_03.png;shot_04.png;shot_05.png;SOURCES.txt,,https://archive.org/details/psvitaalive-commander-genius
connect-four,psvitaalive-connect-four,ok,connect-four.vpk;icon0.png;shot_01.png;shot_02.png;shot_03.png;shot_04.png;SOURCES.txt,,https://archive.org/details/psvitaalive-connect-four
consoleid,psvitaalive-consoleid,ok,consoleid.vpk;icon0.png;shot_01.png;shot_02.png;SOURCES.txt,,https://archive.org/details/psvitaalive-consoleid
consolepedia-3d,psvitaalive-consolepedia-3d,ok,consolepedia-3d.vpk;icon0.png;shot_01.png;shot_02.png;shot_03.png;shot_04.png;SOURCES.txt,,https://archive.org/details/psvitaalive-consolepedia-3d
contract-demon-vita,psvitaalive-contract-demon-vita,ok,contract-demon-vita.vpk;icon0.png;shot_01.png;shot_02.png;shot_03.png;shot_04.png;shot_05.png;SOURCES.txt,,https://archive.org/details/psvitaalive-contract-demon-vita
contrast,psvitaalive-contrast,ok,contrast.vpk;icon0.png;shot_01.png;SOURCES.txt,,https://archive.org/details/psvitaalive-contrast
cook-serve-delicious-vita,psvitaalive-cook-serve-delicious-vita,ok,cook-serve-delicious-vita.vpk;icon0.png;shot_01.png;shot_02.png;shot_03.png;shot_04.png;shot_05.png;SOURCES.txt,,https://archive.org/details/psvitaalive-cook-serve-delicious-vita
cookie-clicker,psvitaalive-cookie-clicker,ok,cookie-clicker.vpk;icon0.png;shot_01.png;shot_02.png;shot_03.png;shot_04.png;SOURCES.txt,,https://archive.org/details/psvitaalive-cookie-clicker
coordinated-motion,psvitaalive-coordinated-motion,ok,CoordinatedMotion.vpk;icon0.png;shot_01.png;SOURCES.txt,,https://archive.org/details/psvitaalive-coordinated-motion
copyicons,psvitaalive-copyicons,ok,copyicons.vpk;icon0.png;shot_01.png;SOURCES.txt,,https://archive.org/details/psvitaalive-copyicons
cordless,psvitaalive-cordless,ok,cordless.vpk;icon0.png;shot_01.png;shot_02.png;SOURCES.txt,,https://archive.org/details/psvitaalive-cordless
covid-19-apocalypse,psvitaalive-covid-19-apocalypse,ok,covid-19-apocalypse.vpk;icon0.png;shot_01.png;shot_02.png;shot_03.png;shot_04.png;shot_05.png;SOURCES.txt,,https://archive.org/details/psvitaalive-covid-19-apocalypse
crab-island,psvitaalive-crab-island,ok,crab-island.vpk;icon0.png;shot_01.png;shot_02.png;shot_03.png;shot_04.png;shot_05.png;SOURCES.txt,,https://archive.org/details/psvitaalive-crab-island
cradle-song-vita,psvitaalive-cradle-song-vita,ok,cradle-song-vita.vpk;icon0.png;shot_01.png;SOURCES.txt,,https://archive.org/details/psvitaalive-cradle-song-vita
crash-dump-delete,psvitaalive-crash-dump-delete,ok,crash-dump-delete.vpk;icon0.png;shot_01.png;SOURCES.txt,,https://archive.org/details/psvitaalive-crash-dump-delete
crashlands,psvitaalive-crashlands,ok,crashlands.vpk;icon0.png;shot_01.png;shot_02.png;shot_03.png;shot_04.png;shot_05.png;SOURCES.txt,,https://archive.org/details/psvitaalive-crashlands
crazy-cattle-vita,psvitaalive-crazy-cattle-vita,ok,crazy-cattle-vita.vpk;icon0.png;shot_01.png;SOURCES.txt,,https://archive.org/details/psvitaalive-crazy-cattle-vita
crazy-taxi-vita,psvitaalive-crazy-taxi-vita,ok,crazy-taxi-vita.vpk;icon0.png;shot_01.png;shot_02.png;shot_03.png;shot_04.png;shot_05.png;SOURCES.txt,,https://archive.org/details/psvitaalive-crazy-taxi-vita
crazy-traffic-jam-3d,psvitaalive-crazy-traffic-jam-3d,ok,crazy-traffic-jam-3d.vpk;icon0.png;shot_01.png;shot_02.png;shot_03.png;shot_04.png;SOURCES.txt,,https://archive.org/details/psvitaalive-crazy-traffic-jam-3d
creeperdiver,psvitaalive-creeperdiver,ok,creeperdiver-vita.vpk;icon0.png;shot_01.png;SOURCES.txt,,https://archive.org/details/psvitaalive-creeperdiver
cro-mag-rally-vita,psvitaalive-cro-mag-rally-vita,ok,cro-mag-rally-vita.vpk;icon0.png;shot_01.png;shot_02.png;shot_03.png;shot_04.png;shot_05.png;SOURCES.txt,,https://archive.org/details/psvitaalive-cro-mag-rally-vita
crossy-road-clone,psvitaalive-crossy-road-clone,ok,crossy-road-clone.vpk;icon0.png;shot_01.png;shot_02.png;shot_03.png;shot_04.png;shot_05.png;SOURCES.txt,,https://archive.org/details/psvitaalive-crossy-road-clone
crystal-archiver,psvitaalive-crystal-archiver,ok,CrystalArchiver.vpk;icon0.png;shot_01.png;shot_02.png;shot_03.png;shot_04.png;SOURCES.txt,,https://archive.org/details/psvitaalive-crystal-archiver
crystal-psm,psvitaalive-crystal-psm,ok,CrystalPSM.vpk;icon0.png;shot_01.png;shot_02.png;SOURCES.txt,,https://archive.org/details/psvitaalive-crystal-psm
csd2vita,psvitaalive-csd2vita,ok,csd2vita.vpk;icon0.png;shot_01.png;SOURCES.txt,,https://archive.org/details/psvitaalive-csd2vita
cspot_vita,psvitaalive-cspot_vita,ok,cspot_vita.vpk;icon0.png;shot_01.png;SOURCES.txt,,https://archive.org/details/psvitaalive-cspot_vita
cspsv,psvitaalive-cspsv,ok,cspsv.vpk;icon0.png;shot_01.png;shot_02.png;shot_03.png;shot_04.png;SOURCES.txt,,https://archive.org/details/psvitaalive-cspsv
cubic-conundrum,psvitaalive-cubic-conundrum,ok,cubic-conundrum.vpk;icon0.png;shot_01.png;shot_02.png;SOURCES.txt,,https://archive.org/details/psvitaalive-cubic-conundrum
cubik-adventure,psvitaalive-cubik-adventure,ok,cubik-adventure.vpk;icon0.png;shot_01.png;shot_02.png;shot_03.png;shot_04.png;SOURCES.txt,,https://archive.org/details/psvitaalive-cubik-adventure
cup-critters,psvitaalive-cup-critters,ok,cup-critters.vpk;icon0.png;shot_01.png;shot_02.png;shot_03.png;shot_04.png;shot_05.png;SOURCES.txt,,https://archive.org/details/psvitaalive-cup-critters
cuphead-vita,psvitaalive-cuphead-vita,ok,cuphead-vita.vpk;icon0.png;shot_01.png;shot_02.png;shot_03.png;shot_04.png;shot_05.png;SOURCES.txt,,https://archive.org/details/psvitaalive-cuphead-vita
custom-boot-splash-manager,psvitaalive-custom-boot-splash-manager,ok,custom-boot-splash-manager.vpk;icon0.png;shot_01.png;shot_02.png;SOURCES.txt,,https://archive.org/details/psvitaalive-custom-boot-splash-manager
custom-livearea,psvitaalive-custom-livearea,ok,custom-livearea.vpk;icon0.png;shot_01.png;shot_02.png;shot_03.png;shot_04.png;SOURCES.txt,,https://archive.org/details/psvitaalive-custom-livearea
custom-themes-manager,psvitaalive-custom-themes-manager,ok,custom-themes-manager.vpk;icon0.png;shot_01.png;shot_02.png;shot_03.png;shot_04.png;SOURCES.txt,,https://archive.org/details/psvitaalive-custom-themes-manager
cut-the-rope-vita,psvitaalive-cut-the-rope-vita,ok,cut-the-rope-vita.vpk;icon0.png;shot_01.png;shot_02.png;shot_03.png;shot_04.png;shot_05.png;SOURCES.txt,,https://archive.org/details/psvitaalive-cut-the-rope-vita
cybershot,psvitaalive-cybershot,ok,cybershot.vpk;icon0.png;shot_01.png;shot_02.png;shot_03.png;shot_04.png;shot_05.png;SOURCES.txt,,https://archive.org/details/psvitaalive-cybershot
daedalus-x64,psvitaalive-daedalus-x64,ok,daedalus-x64.vpk;icon0.png;shot_01.png;SOURCES.txt,,https://archive.org/details/psvitaalive-daedalus-x64
dariusburst-sp-vita,psvitaalive-dariusburst-sp-vita,ok,dariusburst-sp-vita.vpk;icon0.png;shot_01.png;shot_02.png;shot_03.png;shot_04.png;shot_05.png;SOURCES.txt,,https://archive.org/details/psvitaalive-dariusburst-sp-vita
dark-lands-vita,psvitaalive-dark-lands-vita,ok,dark-lands-vita.vpk;icon0.png;shot_01.png;shot_02.png;shot_03.png;shot_04.png;shot_05.png;SOURCES.txt,,https://archive.org/details/psvitaalive-dark-lands-vita
dark-paradigm,psvitaalive-dark-paradigm,ok,dark-paradigm.vpk;icon0.png;shot_01.png;shot_02.png;shot_03.png;shot_04.png;shot_05.png;SOURCES.txt,,https://archive.org/details/psvitaalive-dark-paradigm
database-updater,psvitaalive-database-updater,ok,224-Database.Manager.vpk;icon0.png;shot_01.png;SOURCES.txt,,https://archive.org/details/psvitaalive-database-updater
database-updater-kana99999,psvitaalive-database-updater-kana99999,ok,database-updater-kana99999.vpk;icon0.png;shot_01.png;SOURCES.txt,,https://archive.org/details/psvitaalive-database-updater-kana99999
ddlc-love,psvitaalive-ddlc-love,ok,DDLC-LOVE.vpk;icon0.png;shot_01.png;shot_02.png;SOURCES.txt,,https://archive.org/details/psvitaalive-ddlc-love
de-shinde,psvitaalive-de-shinde,ok,de-shinde.vpk;icon0.png;shot_01.png;shot_02.png;shot_03.png;shot_04.png;SOURCES.txt,,https://archive.org/details/psvitaalive-de-shinde
dead-knight,psvitaalive-dead-knight,ok,dead-knight.vpk;icon0.png;shot_01.png;SOURCES.txt,,https://archive.org/details/psvitaalive-dead-knight
dead-space-vita,psvitaalive-dead-space-vita,ok,dead-space-vita.vpk;icon0.png;shot_01.png;shot_02.png;shot_03.png;shot_04.png;shot_05.png;SOURCES.txt,,https://archive.org/details/psvitaalive-dead-space-vita
death-road-to-canada-lite,psvitaalive-death-road-to-canada-lite,ok,death-road-to-canada-lite.vpk;icon0.png;shot_01.png;shot_02.png;shot_03.png;shot_04.png;shot_05.png;SOURCES.txt,,https://archive.org/details/psvitaalive-death-road-to-canada-lite
deathrun-to-vita,psvitaalive-deathrun-to-vita,ok,deathrun-to-vita.vpk;icon0.png;shot_01.png;shot_02.png;SOURCES.txt,,https://archive.org/details/psvitaalive-deathrun-to-vita
defender-ii-vita,psvitaalive-defender-ii-vita,ok,defender-ii-vita.vpk;icon0.png;shot_01.png;shot_02.png;shot_03.png;shot_04.png;shot_05.png;SOURCES.txt,,https://archive.org/details/psvitaalive-defender-ii-vita
defendguin,psvitaalive-defendguin,ok,defendguin.vpk;icon0.png;shot_01.png;shot_02.png;shot_03.png;shot_04.png;shot_05.png;SOURCES.txt,,https://archive.org/details/psvitaalive-defendguin
deltarune-vita,psvitaalive-deltarune-vita,ok,Deltarune-v0.69.vpk;icon0.png;shot_01.png;shot_02.png;shot_03.png;shot_04.png;SOURCES.txt,,https://archive.org/details/psvitaalive-deltarune-vita
demons-down,psvitaalive-demons-down,ok,demons-down.vpk;icon0.png;shot_01.png;shot_02.png;shot_03.png;shot_04.png;shot_05.png;SOURCES.txt,,https://archive.org/details/psvitaalive-demons-down
desert-golfing-vita,psvitaalive-desert-golfing-vita,ok,desert-golfing-vita.vpk;icon0.png;shot_01.png;shot_02.png;shot_03.png;shot_04.png;shot_05.png;SOURCES.txt,,https://archive.org/details/psvitaalive-desert-golfing-vita
desmume-vita,psvitaalive-desmume-vita,ok,desmume-vita.vpk;icon0.png;shot_01.png;SOURCES.txt,,https://archive.org/details/psvitaalive-desmume-vita
destinia-vita,psvitaalive-destinia-vita,ok,destinia-vita.vpk;icon0.png;shot_01.png;shot_02.png;shot_03.png;SOURCES.txt,,https://archive.org/details/psvitaalive-destinia-vita
destinia-vita-destinia1,psvitaalive-destinia-vita-destinia1,ok,destinia-vita-destinia1.vpk;icon0.png;shot_01.png;SOURCES.txt,,https://archive.org/details/psvitaalive-destinia-vita-destinia1
destroy-the-dot,psvitaalive-destroy-the-dot,ok,destroy-the-dot.vpk;icon0.png;shot_01.png;shot_02.png;shot_03.png;shot_04.png;shot_05.png;SOURCES.txt,,https://archive.org/details/psvitaalive-destroy-the-dot
dethkarz-remake,psvitaalive-dethkarz-remake,ok,dethkarz-remake.vpk;icon0.png;shot_01.png;shot_02.png;shot_03.png;shot_04.png;shot_05.png;SOURCES.txt,,https://archive.org/details/psvitaalive-dethkarz-remake
dethrace-vita,psvitaalive-dethrace-vita,ok,dethrace-vita.vpk;icon0.png;shot_01.png;shot_02.png;shot_03.png;shot_04.png;shot_05.png;SOURCES.txt,,https://archive.org/details/psvitaalive-dethrace-vita
devil-may-cry-4-refrain-vita,psvitaalive-devil-may-cry-4-refrain-vita,ok,devil-may-cry-4-refrain-vita.vpk;icon0.png;shot_01.png;shot_02.png;shot_03.png;shot_04.png;shot_05.png;SOURCES.txt,,https://archive.org/details/psvitaalive-devil-may-cry-4-refrain-vita
devilutionx,psvitaalive-devilutionx,ok,devilutionx.vpk;icon0.png;shot_01.png;shot_02.png;shot_03.png;shot_04.png;shot_05.png;SOURCES.txt,,https://archive.org/details/psvitaalive-devilutionx
digital-clock-vita,psvitaalive-digital-clock-vita,ok,DigitalClockVita.vpk;icon0.png;shot_01.png;SOURCES.txt,,https://archive.org/details/psvitaalive-digital-clock-vita
dinosaur-2d,psvitaalive-dinosaur-2d,ok,chrome-dinosaur-2d.vpk;icon0.png;shot_01.png;SOURCES.txt,,https://archive.org/details/psvitaalive-dinosaur-2d
diver-down-vita,psvitaalive-diver-down-vita,ok,diver-down-vita.vpk;icon0.png;shot_01.png;shot_02.png;shot_03.png;shot_04.png;shot_05.png;SOURCES.txt,,https://archive.org/details/psvitaalive-diver-down-vita
dj-escher,psvitaalive-dj-escher,ok,dj-escher.vpk;icon0.png;shot_01.png;shot_02.png;shot_03.png;shot_04.png;SOURCES.txt,,https://archive.org/details/psvitaalive-dj-escher
doggytwicevt,psvitaalive-doggytwicevt,ok,doggytwicevt.vpk;icon0.png;shot_01.png;shot_02.png;SOURCES.txt,,https://archive.org/details/psvitaalive-doggytwicevt
doki-doki-literature-club-vita,psvitaalive-doki-doki-literature-club-vita,ok,Doki.Doki.Literature.Club-01.01.vpk;icon0.png;shot_01.png;shot_02.png;shot_03.png;shot_04.png;SOURCES.txt,,https://archive.org/details/psvitaalive-doki-doki-literature-club-vita
dolmexica-infinite,psvitaalive-dolmexica-infinite,ok,dolmexica-infinite.vpk;icon0.png;shot_01.png;SOURCES.txt,,https://archive.org/details/psvitaalive-dolmexica-infinite
dome-romantik-vita,psvitaalive-dome-romantik-vita,ok,dome-romantik-vita.vpk;icon0.png;shot_01.png;shot_02.png;shot_03.png;shot_04.png;SOURCES.txt,,https://archive.org/details/psvitaalive-dome-romantik-vita
don-t-open-your-eyes,psvitaalive-don-t-open-your-eyes,ok,don-t-open-your-eyes.vpk;icon0.png;shot_01.png;SOURCES.txt,,https://archive.org/details/psvitaalive-don-t-open-your-eyes
doom-ii-rpg-vita,psvitaalive-doom-ii-rpg-vita,ok,doom-ii-rpg-vita.vpk;icon0.png;shot_01.png;shot_02.png;shot_03.png;shot_04.png;shot_05.png;SOURCES.txt,,https://archive.org/details/psvitaalive-doom-ii-rpg-vita
doom-rpg-vita,psvitaalive-doom-rpg-vita,ok,doom-rpg-vita.vpk;icon0.png;shot_01.png;shot_02.png;shot_03.png;shot_04.png;shot_05.png;SOURCES.txt,,https://archive.org/details/psvitaalive-doom-rpg-vita
doom-vita,psvitaalive-doom-vita,ok,doom-vita.vpk;icon0.png;shot_01.png;shot_02.png;shot_03.png;shot_04.png;shot_05.png;SOURCES.txt,,https://archive.org/details/psvitaalive-doom-vita
doom64ex,psvitaalive-doom64ex,ok,doom64ex.vpk;icon0.png;shot_01.png;shot_02.png;shot_03.png;shot_04.png;shot_05.png;SOURCES.txt,,https://archive.org/details/psvitaalive-doom64ex
door-kickers-action-squad-vita,psvitaalive-door-kickers-action-squad-vita,ok,door-kickers-action-squad-vita.vpk;icon0.png;shot_01.png;shot_02.png;shot_03.png;shot_04.png;shot_05.png;SOURCES.txt,,https://archive.org/details/psvitaalive-door-kickers-action-squad-vita
dr-fink-s-robot-lab-vita,psvitaalive-dr-fink-s-robot-lab-vita,ok,dr-fink-s-robot-lab-vita.vpk;icon0.png;shot_01.png;shot_02.png;shot_03.png;shot_04.png;shot_05.png;SOURCES.txt,,https://archive.org/details/psvitaalive-dr-fink-s-robot-lab-vita
drally-vita,psvitaalive-drally-vita,ok,drally-vita.vpk;icon0.png;shot_01.png;SOURCES.txt,,https://archive.org/details/psvitaalive-drally-vita
dream-punk,psvitaalive-dream-punk,ok,dream-punk.vpk;icon0.png;shot_01.png;shot_02.png;shot_03.png;shot_04.png;shot_05.png;SOURCES.txt,,https://archive.org/details/psvitaalive-dream-punk
drone-sim-vita,psvitaalive-drone-sim-vita,ok,drone-sim-vita.vpk;icon0.png;shot_01.png;shot_02.png;shot_03.png;shot_04.png;shot_05.png;SOURCES.txt,,https://archive.org/details/psvitaalive-drone-sim-vita
dropsy-vita,psvitaalive-dropsy-vita,ok,dropsy-vita.vpk;icon0.png;shot_01.png;shot_02.png;shot_03.png;shot_04.png;shot_05.png;SOURCES.txt,,https://archive.org/details/psvitaalive-dropsy-vita
dstroy-vita,psvitaalive-dstroy-vita,ok,dstroy-vita.vpk;icon0.png;shot_01.png;shot_02.png;shot_03.png;shot_04.png;shot_05.png;SOURCES.txt,,https://archive.org/details/psvitaalive-dstroy-vita
dsvita,psvitaalive-dsvita,ok,dsvita.vpk;icon0.png;shot_01.png;shot_02.png;shot_03.png;shot_04.png;shot_05.png;SOURCES.txt,,https://archive.org/details/psvitaalive-dsvita
duck-hunt-remake,psvitaalive-duck-hunt-remake,ok,duck-hunt-remake.vpk;icon0.png;shot_01.png;shot_02.png;SOURCES.txt,,https://archive.org/details/psvitaalive-duck-hunt-remake
dune-legacy,psvitaalive-dune-legacy,ok,dune-legacy.vpk;icon0.png;shot_01.png;shot_02.png;shot_03.png;shot_04.png;shot_05.png;SOURCES.txt,,https://archive.org/details/psvitaalive-dune-legacy
dungeon-survivor,psvitaalive-dungeon-survivor,ok,dungeon-survivor.vpk;icon0.png;shot_01.png;shot_02.png;SOURCES.txt,,https://archive.org/details/psvitaalive-dungeon-survivor
dungeonrush,psvitaalive-dungeonrush,ok,dungeonrush.vpk;icon0.png;shot_01.png;shot_02.png;shot_03.png;shot_04.png;shot_05.png;SOURCES.txt,,https://archive.org/details/psvitaalive-dungeonrush
dvd-screensaver,psvitaalive-dvd-screensaver,ok,dvd-screensaver.vpk;icon0.png;shot_01.png;SOURCES.txt,,https://archive.org/details/psvitaalive-dvd-screensaver
dzzee,psvitaalive-dzzee,ok,dzzee.vpk;icon0.png;shot_01.png;shot_02.png;SOURCES.txt,,https://archive.org/details/psvitaalive-dzzee
earn-to-die-vita,psvitaalive-earn-to-die-vita,ok,earn-to-die-vita.vpk;icon0.png;shot_01.png;SOURCES.txt,,https://archive.org/details/psvitaalive-earn-to-die-vita
easy-plugin,psvitaalive-easy-plugin,ok,easy-plugin.vpk;icon0.png;shot_01.png;shot_02.png;shot_03.png;shot_04.png;shot_05.png;SOURCES.txt,,https://archive.org/details/psvitaalive-easy-plugin
easyrpg-player,psvitaalive-easyrpg-player,ok,easyrpg-player.vpk;icon0.png;shot_01.png;shot_02.png;SOURCES.txt,,https://archive.org/details/psvitaalive-easyrpg-player
easyswitchvita,psvitaalive-easyswitchvita,ok,easyswitchvita.vpk;icon0.png;shot_01.png;shot_02.png;SOURCES.txt,,https://archive.org/details/psvitaalive-easyswitchvita
easyvpk,psvitaalive-easyvpk,ok,easyvpk.vpk;icon0.png;shot_01.png;shot_02.png;SOURCES.txt,,https://archive.org/details/psvitaalive-easyvpk
echo-moth,psvitaalive-echo-moth,ok,echo-moth.vpk;icon0.png;shot_01.png;shot_02.png;shot_03.png;shot_04.png;SOURCES.txt,,https://archive.org/details/psvitaalive-echo-moth
eduke32-vita,psvitaalive-eduke32-vita,ok,eduke32-vita.vpk;icon0.png;shot_01.png;shot_02.png;shot_03.png;shot_04.png;shot_05.png;SOURCES.txt,,https://archive.org/details/psvitaalive-eduke32-vita
el-enviado,psvitaalive-el-enviado,ok,el-enviado.vpk;icon0.png;shot_01.png;shot_02.png;SOURCES.txt,,https://archive.org/details/psvitaalive-el-enviado
el-pollo,psvitaalive-el-pollo,ok,el-pollo.vpk;icon0.png;shot_01.png;shot_02.png;shot_03.png;shot_04.png;SOURCES.txt,,https://archive.org/details/psvitaalive-el-pollo
eldritch-vita,psvitaalive-eldritch-vita,ok,eldritch-vita.vpk;icon0.png;shot_01.png;shot_02.png;shot_03.png;shot_04.png;shot_05.png;SOURCES.txt,,https://archive.org/details/psvitaalive-eldritch-vita
elevenmpv,psvitaalive-elevenmpv,ok,elevenmpv.vpk;icon0.png;shot_01.png;shot_02.png;SOURCES.txt,,https://archive.org/details/psvitaalive-elevenmpv
emu4vita,psvitaalive-emu4vita,ok,emu4vita.vpk;icon0.png;shot_01.png;shot_02.png;shot_03.png;shot_04.png;shot_05.png;SOURCES.txt,,https://archive.org/details/psvitaalive-emu4vita
emu4vita-arch,psvitaalive-emu4vita-arch,ok,emu4vita-arch.vpk;icon0.png;shot_01.png;SOURCES.txt,,https://archive.org/details/psvitaalive-emu4vita-arch
enbornx-vita,psvitaalive-enbornx-vita,ok,enbornx-vita.vpk;icon0.png;shot_01.png;shot_02.png;shot_03.png;shot_04.png;shot_05.png;SOURCES.txt,,https://archive.org/details/psvitaalive-enbornx-vita
enigma,psvitaalive-enigma,ok,enigma_1.11.vpk;icon0.png;shot_01.png;shot_02.png;shot_03.png;shot_04.png;shot_05.png;SOURCES.txt,,https://archive.org/details/psvitaalive-enigma
enso-ex-installer,psvitaalive-enso-ex-installer,ok,enso-ex-installer.vpk;icon0.png;shot_01.png;shot_02.png;SOURCES.txt,,https://archive.org/details/psvitaalive-enso-ex-installer
epicki-tw-j-stary,psvitaalive-epicki-tw-j-stary,ok,epicki-tw-j-stary.vpk;icon0.png;shot_01.png;shot_02.png;SOURCES.txt,,https://archive.org/details/psvitaalive-epicki-tw-j-stary
epsp-bubble-installer,psvitaalive-epsp-bubble-installer,ok,epsp-bubble-installer.vpk;icon0.png;shot_01.png;shot_02.png;shot_03.png;shot_04.png;SOURCES.txt,,https://archive.org/details/psvitaalive-epsp-bubble-installer
eqvita,psvitaalive-eqvita,ok,EQVita.vpk;icon0.png;shot_01.png;shot_02.png;shot_03.png;shot_04.png;shot_05.png;SOURCES.txt,,https://archive.org/details/psvitaalive-eqvita
erre,psvitaalive-erre,ok,erre.vpk;icon0.png;shot_01.png;shot_02.png;SOURCES.txt,,https://archive.org/details/psvitaalive-erre
eucliod,psvitaalive-eucliod,ok,eucliod.vpk;icon0.png;shot_01.png;shot_02.png;shot_03.png;shot_04.png;SOURCES.txt,,https://archive.org/details/psvitaalive-eucliod
eugene-onegin-vita,psvitaalive-eugene-onegin-vita,ok,eugene-onegin-vita.vpk;icon0.png;shot_01.png;SOURCES.txt,,https://archive.org/details/psvitaalive-eugene-onegin-vita
everlasting-summer-vita,psvitaalive-everlasting-summer-vita,ok,everlasting-summer-vita.vpk;icon0.png;shot_01.png;shot_02.png;shot_03.png;shot_04.png;shot_05.png;SOURCES.txt,,https://archive.org/details/psvitaalive-everlasting-summer-vita
everybody-s-bubbles,psvitaalive-everybody-s-bubbles,ok,everybody-s-bubbles.vpk;icon0.png;shot_01.png;SOURCES.txt,,https://archive.org/details/psvitaalive-everybody-s-bubbles
evie,psvitaalive-evie,ok,evie.vpk;icon0.png;shot_01.png;shot_02.png;shot_03.png;shot_04.png;SOURCES.txt,,https://archive.org/details/psvitaalive-evie
exult-vita,psvitaalive-exult-vita,ok,exult-vita.vpk;icon0.png;shot_01.png;SOURCES.txt,,https://archive.org/details/psvitaalive-exult-vita
fadetoblack,psvitaalive-fadetoblack,ok,fadetoblack.vpk;icon0.png;shot_01.png;shot_02.png;shot_03.png;shot_04.png;shot_05.png;SOURCES.txt,,https://archive.org/details/psvitaalive-fadetoblack
fahrenheit-vita,psvitaalive-fahrenheit-vita,ok,fahrenheit-vita.vpk;icon0.png;shot_01.png;shot_02.png;shot_03.png;shot_04.png;shot_05.png;SOURCES.txt,,https://archive.org/details/psvitaalive-fahrenheit-vita
fake-08,psvitaalive-fake-08,ok,fake-08.vpk;icon0.png;shot_01.png;SOURCES.txt,,https://archive.org/details/psvitaalive-fake-08
fakename-changer,psvitaalive-fakename-changer,ok,FakeNameChanger_v2.1.vpk;icon0.png;shot_01.png;SOURCES.txt,,https://archive.org/details/psvitaalive-fakename-changer
fallen-knights,psvitaalive-fallen-knights,ok,fallen-knights.vpk;icon0.png;shot_01.png;shot_02.png;shot_03.png;shot_04.png;shot_05.png;SOURCES.txt,,https://archive.org/details/psvitaalive-fallen-knights
fallout-2-ce,psvitaalive-fallout-2-ce,ok,fallout-2-ce.vpk;icon0.png;shot_01.png;shot_02.png;shot_03.png;shot_04.png;shot_05.png;SOURCES.txt,,https://archive.org/details/psvitaalive-fallout-2-ce
fallout-ce,psvitaalive-fallout-ce,ok,fallout-ce.vpk;icon0.png;shot_01.png;shot_02.png;shot_03.png;shot_04.png;shot_05.png;SOURCES.txt,,https://archive.org/details/psvitaalive-fallout-ce
family-fisticuffs-vita,psvitaalive-family-fisticuffs-vita,ok,family-fisticuffs-vita.vpk;icon0.png;shot_01.png;SOURCES.txt,,https://archive.org/details/psvitaalive-family-fisticuffs-vita
faraway-space,psvitaalive-faraway-space,ok,faraway-space.vpk;icon0.png;shot_01.png;SOURCES.txt,,https://archive.org/details/psvitaalive-faraway-space
fast-areas-neon,psvitaalive-fast-areas-neon,ok,fast-areas-neon.vpk;icon0.png;shot_01.png;shot_02.png;shot_03.png;shot_04.png;shot_05.png;SOURCES.txt,,https://archive.org/details/psvitaalive-fast-areas-neon
fate-stay-night-realta-nua---ultimate-edition,psvitaalive-fate-stay-night-realta-nua---ultimate-edition,ok,fate-stay-night-realta-nua---ultimate-edition.vpk;icon0.png;shot_01.png;SOURCES.txt,,https://archive.org/details/psvitaalive-fate-stay-night-realta-nua---ultimate-edition
feather-park-vita,psvitaalive-feather-park-vita,ok,feather-park-vita.vpk;icon0.png;shot_01.png;shot_02.png;shot_03.png;shot_04.png;shot_05.png;SOURCES.txt,,https://archive.org/details/psvitaalive-feather-park-vita
feline-future,psvitaalive-feline-future,ok,feline-future.vpk;icon0.png;shot_01.png;shot_02.png;shot_03.png;shot_04.png;shot_05.png;SOURCES.txt,,https://archive.org/details/psvitaalive-feline-future
ff3-vita,psvitaalive-ff3-vita,ok,ff3-vita.vpk;icon0.png;shot_01.png;shot_02.png;shot_03.png;shot_04.png;shot_05.png;SOURCES.txt,,https://archive.org/details/psvitaalive-ff3-vita
ff4-vita,psvitaalive-ff4-vita,ok,ff4-vita.vpk;icon0.png;shot_01.png;shot_02.png;shot_03.png;shot_04.png;shot_05.png;SOURCES.txt,,https://archive.org/details/psvitaalive-ff4-vita
ff4ay-vita,psvitaalive-ff4ay-vita,ok,ff4ay-vita.vpk;icon0.png;shot_01.png;shot_02.png;shot_03.png;shot_04.png;shot_05.png;SOURCES.txt,,https://archive.org/details/psvitaalive-ff4ay-vita
ff5-vita,psvitaalive-ff5-vita,ok,ff5-vita.vpk;icon0.png;shot_01.png;shot_02.png;shot_03.png;shot_04.png;shot_05.png;SOURCES.txt,,https://archive.org/details/psvitaalive-ff5-vita
ffd-vita,psvitaalive-ffd-vita,ok,ffd-vita.vpk;icon0.png;shot_01.png;shot_02.png;shot_03.png;shot_04.png;shot_05.png;SOURCES.txt,,https://archive.org/details/psvitaalive-ffd-vita
fingerprint,psvitaalive-fingerprint,ok,fingerprint.vpk;icon0.png;shot_01.png;shot_02.png;shot_03.png;shot_04.png;SOURCES.txt,,https://archive.org/details/psvitaalive-fingerprint
fire-and-fondness---enhanced-edition,psvitaalive-fire-and-fondness---enhanced-edition,ok,fire-and-fondness---enhanced-edition.vpk;icon0.png;shot_01.png;shot_02.png;shot_03.png;shot_04.png;shot_05.png;SOURCES.txt,,https://archive.org/details/psvitaalive-fire-and-fondness---enhanced-edition
fire-and-fondness-2,psvitaalive-fire-and-fondness-2,ok,fire-and-fondness-2.vpk;icon0.png;shot_01.png;shot_02.png;shot_03.png;shot_04.png;shot_05.png;SOURCES.txt,,https://archive.org/details/psvitaalive-fire-and-fondness-2
fishpod,psvitaalive-fishpod,ok,fishpod.vpk;icon0.png;shot_01.png;SOURCES.txt,,https://archive.org/details/psvitaalive-fishpod
five-beats-at-freddy-s,psvitaalive-five-beats-at-freddy-s,ok,five-beats-at-freddy-s.vpk;icon0.png;shot_01.png;SOURCES.txt,,https://archive.org/details/psvitaalive-five-beats-at-freddy-s
five-night-at-freddy-s-2-lite,psvitaalive-five-night-at-freddy-s-2-lite,ok,five-night-at-freddy-s-2-lite.vpk;icon0.png;shot_01.png;shot_02.png;shot_03.png;shot_04.png;shot_05.png;SOURCES.txt,,https://archive.org/details/psvitaalive-five-night-at-freddy-s-2-lite
five-night-at-freddy-s-4-lite,psvitaalive-five-night-at-freddy-s-4-lite,ok,five-night-at-freddy-s-4-lite.vpk;icon0.png;shot_01.png;shot_02.png;shot_03.png;shot_04.png;shot_05.png;SOURCES.txt,,https://archive.org/details/psvitaalive-five-night-at-freddy-s-4-lite
five-nights-at-freddy-s,psvitaalive-five-nights-at-freddy-s,ok,five-nights-at-freddy-s.vpk;icon0.png;shot_01.png;shot_02.png;shot_03.png;shot_04.png;shot_05.png;SOURCES.txt,,https://archive.org/details/psvitaalive-five-nights-at-freddy-s
flappy-nyan-vita,psvitaalive-flappy-nyan-vita,ok,flappy-nyan-vita.vpk;icon0.png;shot_01.png;shot_02.png;shot_03.png;shot_04.png;shot_05.png;SOURCES.txt,,https://archive.org/details/psvitaalive-flappy-nyan-vita
flappybird-classic,psvitaalive-flappybird-classic,ok,FBClassic.vpk;icon0.png;shot_01.png;shot_02.png;shot_03.png;shot_04.png;shot_05.png;SOURCES.txt,,https://archive.org/details/psvitaalive-flappybird-classic
flare-rpg,psvitaalive-flare-rpg,ok,flare-rpg.vpk;icon0.png;shot_01.png;shot_02.png;shot_03.png;shot_04.png;shot_05.png;SOURCES.txt,,https://archive.org/details/psvitaalive-flare-rpg
flash-light,psvitaalive-flash-light,ok,flash-light.vpk;icon0.png;shot_01.png;SOURCES.txt,,https://archive.org/details/psvitaalive-flash-light
flipper-volcano-vita,psvitaalive-flipper-volcano-vita,ok,flipper-volcano-vita.vpk;icon0.png;shot_01.png;shot_02.png;shot_03.png;shot_04.png;shot_05.png;SOURCES.txt,,https://archive.org/details/psvitaalive-flipper-volcano-vita
flood-it,psvitaalive-flood-it,ok,floodit.vpk;icon0.png;shot_01.png;shot_02.png;shot_03.png;shot_04.png;SOURCES.txt,,https://archive.org/details/psvitaalive-flood-it
flop-rocket,psvitaalive-flop-rocket,ok,flop-rocket.vpk;icon0.png;shot_01.png;shot_02.png;shot_03.png;shot_04.png;shot_05.png;SOURCES.txt,,https://archive.org/details/psvitaalive-flop-rocket
florpix,psvitaalive-florpix,ok,florpix.vpk;icon0.png;shot_01.png;shot_02.png;shot_03.png;shot_04.png;shot_05.png;SOURCES.txt,,https://archive.org/details/psvitaalive-florpix
flowit,psvitaalive-flowit,ok,Flowit_v1.03.vpk;icon0.png;shot_01.png;shot_02.png;shot_03.png;shot_04.png;shot_05.png;SOURCES.txt,,https://archive.org/details/psvitaalive-flowit
flppy-bird,psvitaalive-flppy-bird,ok,flppy-bird.vpk;icon0.png;shot_01.png;shot_02.png;SOURCES.txt,,https://archive.org/details/psvitaalive-flppy-bird
flycast-vita,psvitaalive-flycast-vita,ok,flycast-vita.vpk;icon0.png;shot_01.png;shot_02.png;shot_03.png;shot_04.png;shot_05.png;SOURCES.txt,,https://archive.org/details/psvitaalive-flycast-vita
fmvita,psvitaalive-fmvita,ok,FileManager_v0.6.1.vpk;icon0.png;shot_01.png;shot_02.png;shot_03.png;shot_04.png;SOURCES.txt,,https://archive.org/details/psvitaalive-fmvita
fnaf-world-psvita-demake,psvitaalive-fnaf-world-psvita-demake,ok,1274-fnaf-world.vpk;icon0.png;shot_01.png;shot_02.png;shot_03.png;shot_04.png;shot_05.png;SOURCES.txt,,https://archive.org/details/psvitaalive-fnaf-world-psvita-demake
fnaf-world-psvita-demake-gdot00083,psvitaalive-fnaf-world-psvita-demake-gdot00083,ok,fnaf-world-psvita-demake-gdot00083.vpk;icon0.png;shot_01.png;shot_02.png;shot_03.png;shot_04.png;SOURCES.txt,,https://archive.org/details/psvitaalive-fnaf-world-psvita-demake-gdot00083
fontinstaller,psvitaalive-fontinstaller,ok,fontinstaller.vpk;icon0.png;shot_01.png;SOURCES.txt,,https://archive.org/details/psvitaalive-fontinstaller
fran-bow---chapter-one,psvitaalive-fran-bow---chapter-one,ok,fran-bow---chapter-one.vpk;icon0.png;shot_01.png;shot_02.png;shot_03.png;shot_04.png;SOURCES.txt,,https://archive.org/details/psvitaalive-fran-bow---chapter-one
fran-bow---chapter-one-fbch42117,psvitaalive-fran-bow---chapter-one-fbch42117,ok,FBCH4.vpk;icon0.png;shot_01.png;SOURCES.txt,,https://archive.org/details/psvitaalive-fran-bow---chapter-one-fbch42117
fran-bow---chapter-three,psvitaalive-fran-bow---chapter-three,ok,fran-bow---chapter-three.vpk;icon0.png;shot_01.png;shot_02.png;shot_03.png;shot_04.png;shot_05.png;SOURCES.txt,,https://archive.org/details/psvitaalive-fran-bow---chapter-three
fran-bow---chapter-two,psvitaalive-fran-bow---chapter-two,ok,fran-bow---chapter-two.vpk;icon0.png;shot_01.png;shot_02.png;shot_03.png;shot_04.png;shot_05.png;SOURCES.txt,,https://archive.org/details/psvitaalive-fran-bow---chapter-two
freegemas,psvitaalive-freegemas,ok,freegemas.vpk;icon0.png;shot_01.png;shot_02.png;shot_03.png;shot_04.png;SOURCES.txt,,https://archive.org/details/psvitaalive-freegemas
freespace-collection,psvitaalive-freespace-collection,ok,freespace-collection.vpk;icon0.png;shot_01.png;shot_02.png;shot_03.png;shot_04.png;shot_05.png;SOURCES.txt,,https://archive.org/details/psvitaalive-freespace-collection
freeway-mutant,psvitaalive-freeway-mutant,ok,freeway-mutant.vpk;icon0.png;shot_01.png;shot_02.png;shot_03.png;shot_04.png;SOURCES.txt,,https://archive.org/details/psvitaalive-freeway-mutant
freeways-vita,psvitaalive-freeways-vita,ok,freeways-vita.vpk;icon0.png;shot_01.png;shot_02.png;shot_03.png;shot_04.png;shot_05.png;SOURCES.txt,,https://archive.org/details/psvitaalive-freeways-vita
froggy-s-battle-vita,psvitaalive-froggy-s-battle-vita,ok,froggy-s-battle-vita.vpk;icon0.png;shot_01.png;shot_02.png;shot_03.png;shot_04.png;shot_05.png;SOURCES.txt,,https://archive.org/details/psvitaalive-froggy-s-battle-vita
frozenengine,psvitaalive-frozenengine,ok,frozenengine.vpk;icon0.png;shot_01.png;shot_02.png;shot_03.png;shot_04.png;SOURCES.txt,,https://archive.org/details/psvitaalive-frozenengine
fruity,psvitaalive-fruity,ok,fruity.vpk;icon0.png;shot_01.png;SOURCES.txt,,https://archive.org/details/psvitaalive-fruity
fryingmaster,psvitaalive-fryingmaster,ok,fryingmaster.vpk;icon0.png;shot_01.png;shot_02.png;shot_03.png;shot_04.png;shot_05.png;SOURCES.txt,,https://archive.org/details/psvitaalive-fryingmaster
fryingmaster-frym12345,psvitaalive-fryingmaster-frym12345,ok,414-FryingMaster.vpk;icon0.png;shot_01.png;shot_02.png;SOURCES.txt,,https://archive.org/details/psvitaalive-fryingmaster-frym12345
ftplaystation,psvitaalive-ftplaystation,ok,ftplaystation.vpk;icon0.png;shot_01.png;SOURCES.txt,,https://archive.org/details/psvitaalive-ftplaystation
funky-smugglers-vita,psvitaalive-funky-smugglers-vita,ok,funky-smugglers-vita.vpk;icon0.png;shot_01.png;shot_02.png;shot_03.png;shot_04.png;shot_05.png;SOURCES.txt,,https://archive.org/details/psvitaalive-funky-smugglers-vita
g-w-octopus,psvitaalive-g-w-octopus,ok,g-w-octopus.vpk;icon0.png;shot_01.png;shot_02.png;shot_03.png;shot_04.png;shot_05.png;SOURCES.txt,,https://archive.org/details/psvitaalive-g-w-octopus
galactic-federation,psvitaalive-galactic-federation,ok,galactic-federation.vpk;icon0.png;shot_01.png;shot_02.png;shot_03.png;shot_04.png;SOURCES.txt,,https://archive.org/details/psvitaalive-galactic-federation
galactic-missile-defense,psvitaalive-galactic-missile-defense,ok,galactic-missile-defense.vpk;icon0.png;shot_01.png;shot_02.png;shot_03.png;shot_04.png;shot_05.png;SOURCES.txt,,https://archive.org/details/psvitaalive-galactic-missile-defense
galaxy-on-fire-2-vita,psvitaalive-galaxy-on-fire-2-vita,ok,galaxy-on-fire-2-vita.vpk;icon0.png;shot_01.png;shot_02.png;shot_03.png;shot_04.png;shot_05.png;SOURCES.txt,,https://archive.org/details/psvitaalive-galaxy-on-fire-2-vita
game-of-life,psvitaalive-game-of-life,ok,game-of-life.vpk;icon0.png;shot_01.png;shot_02.png;shot_03.png;shot_04.png;shot_05.png;SOURCES.txt,,https://archive.org/details/psvitaalive-game-of-life
game-shrinker,psvitaalive-game-shrinker,ok,game-shrinker.vpk;icon0.png;shot_01.png;shot_02.png;shot_03.png;shot_04.png;SOURCES.txt,,https://archive.org/details/psvitaalive-game-shrinker
garfield-s-wild-ride-vita,psvitaalive-garfield-s-wild-ride-vita,ok,garfield-s-wild-ride-vita.vpk;icon0.png;shot_01.png;shot_02.png;shot_03.png;shot_04.png;SOURCES.txt,,https://archive.org/details/psvitaalive-garfield-s-wild-ride-vita
gato-roboto,psvitaalive-gato-roboto,ok,Gato_Roboto_v1.0.0.VPK;icon0.png;shot_01.png;shot_02.png;shot_03.png;shot_04.png;SOURCES.txt,,https://archive.org/details/psvitaalive-gato-roboto
gbvitaex,psvitaalive-gbvitaex,ok,gbvitaex.vpk;icon0.png;shot_01.png;SOURCES.txt,,https://archive.org/details/psvitaalive-gbvitaex
gctoolkit,psvitaalive-gctoolkit,ok,GcToolKit.vpk;icon0.png;shot_01.png;SOURCES.txt,,https://archive.org/details/psvitaalive-gctoolkit
gemrb,psvitaalive-gemrb,ok,gemrb.vpk;icon0.png;shot_01.png;shot_02.png;SOURCES.txt,,https://archive.org/details/psvitaalive-gemrb
genesisplusgx,psvitaalive-genesisplusgx,ok,genesisplusgx.vpk;icon0.png;shot_01.png;shot_02.png;shot_03.png;shot_04.png;shot_05.png;SOURCES.txt,,https://archive.org/details/psvitaalive-genesisplusgx
genki-vocab,psvitaalive-genki-vocab,ok,genki-vocab.vpk;icon0.png;shot_01.png;shot_02.png;shot_03.png;shot_04.png;shot_05.png;SOURCES.txt,,https://archive.org/details/psvitaalive-genki-vocab
geometrizer,psvitaalive-geometrizer,ok,geometrizer.vpk;icon0.png;shot_01.png;shot_02.png;shot_03.png;shot_04.png;shot_05.png;SOURCES.txt,,https://archive.org/details/psvitaalive-geometrizer
geometry-dash-vita,psvitaalive-geometry-dash-vita,ok,geometry-dash-vita.vpk;icon0.png;shot_01.png;shot_02.png;shot_03.png;shot_04.png;SOURCES.txt,,https://archive.org/details/psvitaalive-geometry-dash-vita
get-the-f-off-my-lawn,psvitaalive-get-the-f-off-my-lawn,ok,get-the-f-off-my-lawn.vpk;icon0.png;shot_01.png;shot_02.png;shot_03.png;shot_04.png;SOURCES.txt,,https://archive.org/details/psvitaalive-get-the-f-off-my-lawn
ghost-of-tsushima-mini-games,psvitaalive-ghost-of-tsushima-mini-games,ok,ghost-of-tsushima-mini-games.vpk;icon0.png;shot_01.png;shot_02.png;shot_03.png;shot_04.png;shot_05.png;SOURCES.txt,,https://archive.org/details/psvitaalive-ghost-of-tsushima-mini-games
ghostship-vita,psvitaalive-ghostship-vita,ok,ghostship-vita.vpk;icon0.png;shot_01.png;shot_02.png;shot_03.png;shot_04.png;shot_05.png;SOURCES.txt,,https://archive.org/details/psvitaalive-ghostship-vita
girls-are-weird,psvitaalive-girls-are-weird,ok,834-GirlsAreWeird.vpk;icon0.png;shot_01.png;shot_02.png;shot_03.png;shot_04.png;shot_05.png;SOURCES.txt,,https://archive.org/details/psvitaalive-girls-are-weird
girls-are-weird-plus,psvitaalive-girls-are-weird-plus,ok,girls-are-weird-plus.vpk;icon0.png;shot_01.png;shot_02.png;shot_03.png;SOURCES.txt,,https://archive.org/details/psvitaalive-girls-are-weird-plus
gmca,psvitaalive-gmca,ok,GMCA.vpk;icon0.png;shot_01.png;SOURCES.txt,,https://archive.org/details/psvitaalive-gmca
gnomopolis,psvitaalive-gnomopolis,ok,gnomopolis.vpk;icon0.png;shot_01.png;shot_02.png;shot_03.png;shot_04.png;shot_05.png;SOURCES.txt,,https://archive.org/details/psvitaalive-gnomopolis
gnu-robbo,psvitaalive-gnu-robbo,ok,gnu-robbo.vpk;icon0.png;shot_01.png;shot_02.png;shot_03.png;shot_04.png;SOURCES.txt,,https://archive.org/details/psvitaalive-gnu-robbo
gohan,psvitaalive-gohan,ok,gohan.vpk;icon0.png;shot_01.png;SOURCES.txt,,https://archive.org/details/psvitaalive-gohan
gohan-parallel,psvitaalive-gohan-parallel,ok,gohan-parallel.vpk;icon0.png;shot_01.png;SOURCES.txt,,https://archive.org/details/psvitaalive-gohan-parallel
going-nowhere,psvitaalive-going-nowhere,ok,going-nowhere.vpk;icon0.png;shot_01.png;shot_02.png;shot_03.png;shot_04.png;SOURCES.txt,,https://archive.org/details/psvitaalive-going-nowhere
goldenidol-vita,psvitaalive-goldenidol-vita,ok,GoldenIdol-Vita-v0.8.7.vpk;icon0.png;shot_01.png;shot_02.png;shot_03.png;shot_04.png;shot_05.png;SOURCES.txt,,https://archive.org/details/psvitaalive-goldenidol-vita
golfing-over-it-with-alva-majo,psvitaalive-golfing-over-it-with-alva-majo,ok,golfing-over-it-with-alva-majo.vpk;icon0.png;shot_01.png;shot_02.png;shot_03.png;shot_04.png;shot_05.png;SOURCES.txt,,https://archive.org/details/psvitaalive-golfing-over-it-with-alva-majo
gone-home,psvitaalive-gone-home,ok,gone-home.vpk;icon0.png;shot_01.png;shot_02.png;shot_03.png;shot_04.png;shot_05.png;SOURCES.txt,,https://archive.org/details/psvitaalive-gone-home
grave,psvitaalive-grave,ok,grave.vpk;icon0.png;shot_01.png;SOURCES.txt,,https://archive.org/details/psvitaalive-grave
gravity-hunters,psvitaalive-gravity-hunters,ok,gravity-hunters.vpk;icon0.png;shot_01.png;shot_02.png;SOURCES.txt,,https://archive.org/details/psvitaalive-gravity-hunters
greenvita,psvitaalive-greenvita,ok,greenvita.vpk;icon0.png;shot_01.png;shot_02.png;SOURCES.txt,,https://archive.org/details/psvitaalive-greenvita
gridlocke,psvitaalive-gridlocke,ok,gridlocke.vpk;icon0.png;shot_01.png;SOURCES.txt,,https://archive.org/details/psvitaalive-gridlocke
gta-ctw-vita,psvitaalive-gta-ctw-vita,ok,gta-ctw-vita.vpk;icon0.png;shot_01.png;shot_02.png;SOURCES.txt,,https://archive.org/details/psvitaalive-gta-ctw-vita
gta-sa-vita,psvitaalive-gta-sa-vita,ok,gta-sa-vita.vpk;icon0.png;shot_01.png;shot_02.png;shot_03.png;shot_04.png;shot_05.png;SOURCES.txt,,https://archive.org/details/psvitaalive-gta-sa-vita
guardener-vita,psvitaalive-guardener-vita,ok,guardener-vita.vpk;icon0.png;shot_01.png;shot_02.png;shot_03.png;shot_04.png;shot_05.png;SOURCES.txt,,https://archive.org/details/psvitaalive-guardener-vita
guess-it,psvitaalive-guess-it,ok,guess-it.vpk;icon0.png;shot_01.png;shot_02.png;shot_03.png;shot_04.png;shot_05.png;SOURCES.txt,,https://archive.org/details/psvitaalive-guess-it
gun-godz,psvitaalive-gun-godz,ok,gun-godz.vpk;icon0.png;shot_01.png;shot_02.png;shot_03.png;shot_04.png;shot_05.png;SOURCES.txt,,https://archive.org/details/psvitaalive-gun-godz
gunman-clive,psvitaalive-gunman-clive,ok,gunman-clive.vpk;icon0.png;shot_01.png;shot_02.png;shot_03.png;shot_04.png;shot_05.png;SOURCES.txt,,https://archive.org/details/psvitaalive-gunman-clive
hack-ez-i,psvitaalive-hack-ez-i,ok,hack-ez-i.vpk;icon0.png;shot_01.png;shot_02.png;shot_03.png;shot_04.png;shot_05.png;SOURCES.txt,,https://archive.org/details/psvitaalive-hack-ez-i
hackinformer-app,psvitaalive-hackinformer-app,ok,hackinformer-app.vpk;icon0.png;shot_01.png;shot_02.png;shot_03.png;SOURCES.txt,,https://archive.org/details/psvitaalive-hackinformer-app
handyvita,psvitaalive-handyvita,ok,handyvita.vpk;icon0.png;shot_01.png;shot_02.png;shot_03.png;shot_04.png;shot_05.png;SOURCES.txt,,https://archive.org/details/psvitaalive-handyvita
happy-blocks,psvitaalive-happy-blocks,ok,happy-blocks.vpk;icon0.png;shot_01.png;shot_02.png;shot_03.png;shot_04.png;shot_05.png;SOURCES.txt,,https://archive.org/details/psvitaalive-happy-blocks
happy-land,psvitaalive-happy-land,ok,happy-land.vpk;icon0.png;shot_01.png;shot_02.png;shot_03.png;SOURCES.txt,,https://archive.org/details/psvitaalive-happy-land
harvester-vita,psvitaalive-harvester-vita,ok,harvester-vita.vpk;icon0.png;shot_01.png;SOURCES.txt,,https://archive.org/details/psvitaalive-harvester-vita
hassey-collection,psvitaalive-hassey-collection,ok,hassey-collection.vpk;icon0.png;shot_01.png;shot_02.png;shot_03.png;shot_04.png;shot_05.png;SOURCES.txt,,https://archive.org/details/psvitaalive-hassey-collection
have-a-good-one,psvitaalive-have-a-good-one,ok,have-a-good-one.vpk;icon0.png;shot_01.png;shot_02.png;shot_03.png;shot_04.png;shot_05.png;SOURCES.txt,,https://archive.org/details/psvitaalive-have-a-good-one
hbinjector,psvitaalive-hbinjector,ok,hbinjector.vpk;icon0.png;shot_01.png;SOURCES.txt,,https://archive.org/details/psvitaalive-hbinjector
hcl-vita,psvitaalive-hcl-vita,ok,hcl-vita.vpk;icon0.png;shot_01.png;shot_02.png;shot_03.png;shot_04.png;shot_05.png;SOURCES.txt,,https://archive.org/details/psvitaalive-hcl-vita
heart-potato,psvitaalive-heart-potato,ok,heart-potato.vpk;icon0.png;shot_01.png;shot_02.png;shot_03.png;shot_04.png;shot_05.png;SOURCES.txt,,https://archive.org/details/psvitaalive-heart-potato
heboris-vita,psvitaalive-heboris-vita,ok,heboris-vita.vpk;icon0.png;shot_01.png;SOURCES.txt,,https://archive.org/details/psvitaalive-heboris-vita
helltaker,psvitaalive-helltaker,ok,helltaker.vpk;icon0.png;shot_01.png;shot_02.png;shot_03.png;shot_04.png;SOURCES.txt,,https://archive.org/details/psvitaalive-helltaker
hendoku,psvitaalive-hendoku,ok,hendoku.vpk;icon0.png;shot_01.png;shot_02.png;shot_03.png;SOURCES.txt,,https://archive.org/details/psvitaalive-hendoku
henkaku-offline-installer,psvitaalive-henkaku-offline-installer,ok,henkaku-offline-installer.vpk;icon0.png;shot_01.png;SOURCES.txt,,https://archive.org/details/psvitaalive-henkaku-offline-installer
hermes,psvitaalive-hermes,ok,hermes.vpk;icon0.png;shot_01.png;SOURCES.txt,,https://archive.org/details/psvitaalive-hermes
hex-a-hop-vita,psvitaalive-hex-a-hop-vita,ok,hex-a-hop-vita.vpk;icon0.png;shot_01.png;shot_02.png;shot_03.png;shot_04.png;shot_05.png;SOURCES.txt,,https://archive.org/details/psvitaalive-hex-a-hop-vita
hexagon-jumper,psvitaalive-hexagon-jumper,ok,hexagon-jumper.vpk;icon0.png;shot_01.png;shot_02.png;SOURCES.txt,,https://archive.org/details/psvitaalive-hexagon-jumper
hexflow-launcher-custom,psvitaalive-hexflow-launcher-custom,ok,HexFlow.Custom.2.9.1.vpk;icon0.png;shot_01.png;shot_02.png;shot_03.png;shot_04.png;shot_05.png;SOURCES.txt,,https://archive.org/details/psvitaalive-hexflow-launcher-custom
hideko-vita,psvitaalive-hideko-vita,ok,hideko-vita.vpk;icon0.png;shot_01.png;shot_02.png;shot_03.png;shot_04.png;shot_05.png;SOURCES.txt,,https://archive.org/details/psvitaalive-hideko-vita
higurashi-vita,psvitaalive-higurashi-vita,ok,higurashi-vita.vpk;icon0.png;shot_01.png;SOURCES.txt,,https://archive.org/details/psvitaalive-higurashi-vita
hike-back-vita,psvitaalive-hike-back-vita,ok,hike-back-vita.vpk;icon0.png;shot_01.png;SOURCES.txt,,https://archive.org/details/psvitaalive-hike-back-vita
hill-climb-racing-vita,psvitaalive-hill-climb-racing-vita,ok,hill-climb-racing-vita.vpk;icon0.png;shot_01.png;shot_02.png;shot_03.png;shot_04.png;SOURCES.txt,,https://archive.org/details/psvitaalive-hill-climb-racing-vita
history-deleter,psvitaalive-history-deleter,ok,162-History_Deleter.vpk;icon0.png;shot_01.png;SOURCES.txt,,https://archive.org/details/psvitaalive-history-deleter
history-deleter-kana00001,psvitaalive-history-deleter-kana00001,ok,history-deleter-kana00001.vpk;icon0.png;shot_01.png;SOURCES.txt,,https://archive.org/details/psvitaalive-history-deleter-kana00001
hit-em-balls,psvitaalive-hit-em-balls,ok,hit-em-balls.vpk;icon0.png;shot_01.png;shot_02.png;shot_03.png;shot_04.png;shot_05.png;SOURCES.txt,,https://archive.org/details/psvitaalive-hit-em-balls
hode,psvitaalive-hode,ok,hode.vpk;icon0.png;shot_01.png;SOURCES.txt,,https://archive.org/details/psvitaalive-hode
hollow-knight-vita,psvitaalive-hollow-knight-vita,ok,hollow-knight-vita.vpk;icon0.png;shot_01.png;shot_02.png;shot_03.png;shot_04.png;shot_05.png;SOURCES.txt,,https://archive.org/details/psvitaalive-hollow-knight-vita
homebrew-downloader,psvitaalive-homebrew-downloader,ok,homebrew-downloader.vpk;icon0.png;shot_01.png;shot_02.png;shot_03.png;shot_04.png;shot_05.png;SOURCES.txt,,https://archive.org/details/psvitaalive-homebrew-downloader
homm3hd-vita,psvitaalive-homm3hd-vita,ok,homm3hd-vita.vpk;icon0.png;shot_01.png;shot_02.png;shot_03.png;shot_04.png;shot_05.png;SOURCES.txt,,https://archive.org/details/psvitaalive-homm3hd-vita
hota,psvitaalive-hota,ok,hota.vpk;icon0.png;shot_01.png;shot_02.png;SOURCES.txt,,https://archive.org/details/psvitaalive-hota
how-to-rob-a-gas-station,psvitaalive-how-to-rob-a-gas-station,ok,how-to-rob-a-gas-station.vpk;icon0.png;shot_01.png;SOURCES.txt,,https://archive.org/details/psvitaalive-how-to-rob-a-gas-station
howard,psvitaalive-howard,ok,Howard.VPK;icon0.png;shot_01.png;shot_02.png;shot_03.png;shot_04.png;SOURCES.txt,,https://archive.org/details/psvitaalive-howard
human-resource-machine-vita,psvitaalive-human-resource-machine-vita,ok,human-resource-machine-vita.vpk;icon0.png;shot_01.png;shot_02.png;shot_03.png;shot_04.png;shot_05.png;SOURCES.txt,,https://archive.org/details/psvitaalive-human-resource-machine-vita
hurrican,psvitaalive-hurrican,ok,hurrican.vpk;icon0.png;shot_01.png;shot_02.png;shot_03.png;shot_04.png;shot_05.png;SOURCES.txt,,https://archive.org/details/psvitaalive-hurrican
hyper-princess-pitch-vita,psvitaalive-hyper-princess-pitch-vita,ok,hyper-princess-pitch-vita.vpk;icon0.png;shot_01.png;shot_02.png;SOURCES.txt,,https://archive.org/details/psvitaalive-hyper-princess-pitch-vita
hyperfight-vita,psvitaalive-hyperfight-vita,ok,hyperfight-vita.vpk;icon0.png;shot_01.png;shot_02.png;shot_03.png;shot_04.png;shot_05.png;SOURCES.txt,,https://archive.org/details/psvitaalive-hyperfight-vita
i-am-not-a-murderer,psvitaalive-i-am-not-a-murderer,ok,Iamnotamurderer.vpk;icon0.png;shot_01.png;SOURCES.txt,,https://archive.org/details/psvitaalive-i-am-not-a-murderer
i-wanna-reach-the-unity,psvitaalive-i-wanna-reach-the-unity,ok,i-wanna-reach-the-unity.vpk;icon0.png;shot_01.png;shot_02.png;shot_03.png;shot_04.png;shot_05.png;SOURCES.txt,,https://archive.org/details/psvitaalive-i-wanna-reach-the-unity
i-was-rebuilt,psvitaalive-i-was-rebuilt,ok,i-was-rebuilt.vpk;icon0.png;shot_01.png;shot_02.png;shot_03.png;shot_04.png;shot_05.png;SOURCES.txt,,https://archive.org/details/psvitaalive-i-was-rebuilt
i-will-be-there,psvitaalive-i-will-be-there,ok,i-will-be-there.vpk;icon0.png;shot_01.png;shot_02.png;shot_03.png;shot_04.png;shot_05.png;SOURCES.txt,,https://archive.org/details/psvitaalive-i-will-be-there
idleminer,psvitaalive-idleminer,ok,icon0.png;idleminer.vpk;shot_01.png;shot_02.png;shot_03.png;shot_04.png;shot_05.png;SOURCES.txt,,https://archive.org/details/psvitaalive-idleminer
idu-mode,psvitaalive-idu-mode,ok,icon0.png;idu-mode.vpk;shot_01.png;SOURCES.txt,,https://archive.org/details/psvitaalive-idu-mode
imango,psvitaalive-imango,ok,icon0.png;imango.vpk;shot_01.png;SOURCES.txt,,https://archive.org/details/psvitaalive-imango
imcunlocklite,psvitaalive-imcunlocklite,ok,icon0.png;imcunlocklite.vpk;shot_01.png;shot_02.png;shot_03.png;shot_04.png;SOURCES.txt,,https://archive.org/details/psvitaalive-imcunlocklite
immortal-dusk-vita,psvitaalive-immortal-dusk-vita,ok,icon0.png;immortal-dusk-vita.vpk;shot_01.png;SOURCES.txt,,https://archive.org/details/psvitaalive-immortal-dusk-vita
immultiple,psvitaalive-immultiple,ok,icon0.png;ImMultiple_VITA.vpk;shot_01.png;SOURCES.txt,,https://archive.org/details/psvitaalive-immultiple
imscared,psvitaalive-imscared,ok,icon0.png;IMSCARED0.vpk;shot_01.png;shot_02.png;shot_03.png;shot_04.png;shot_05.png;SOURCES.txt,,https://archive.org/details/psvitaalive-imscared
ink,psvitaalive-ink,ok,icon0.png;ink.vpk;shot_01.png;shot_02.png;shot_03.png;shot_04.png;shot_05.png;SOURCES.txt,,https://archive.org/details/psvitaalive-ink
innyume,psvitaalive-innyume,ok,icon0.png;Innyume_1_8.vpk;shot_01.png;shot_02.png;shot_03.png;shot_04.png;shot_05.png;SOURCES.txt,,https://archive.org/details/psvitaalive-innyume
inotia-3-children-of-carnia,psvitaalive-inotia-3-children-of-carnia,ok,icon0.png;inotia-3-children-of-carnia.vpk;shot_01.png;shot_02.png;SOURCES.txt,,https://archive.org/details/psvitaalive-inotia-3-children-of-carnia
inscryption-vita,psvitaalive-inscryption-vita,ok,icon0.png;inscryption-vita.vpk;shot_01.png;shot_02.png;shot_03.png;shot_04.png;shot_05.png;SOURCES.txt,,https://archive.org/details/psvitaalive-inscryption-vita
into-the-breach,psvitaalive-into-the-breach,ok,icon0.png;into-the-breach.vpk;shot_01.png;shot_02.png;shot_03.png;shot_04.png;shot_05.png;SOURCES.txt,,https://archive.org/details/psvitaalive-into-the-breach
is-it-fake,psvitaalive-is-it-fake,ok,icon0.png;is-it-fake.vpk;shot_01.png;shot_02.png;shot_03.png;shot_04.png;shot_05.png;SOURCES.txt,,https://archive.org/details/psvitaalive-is-it-fake
isabelle-dance-studio,psvitaalive-isabelle-dance-studio,ok,icon0.png;isabelle-dance-studio.vpk;shot_01.png;shot_02.png;shot_03.png;shot_04.png;shot_05.png;SOURCES.txt,,https://archive.org/details/psvitaalive-isabelle-dance-studio
isotope-244-collection,psvitaalive-isotope-244-collection,ok,icon0.png;isotope-244-collection.vpk;shot_01.png;shot_02.png;shot_03.png;shot_04.png;shot_05.png;SOURCES.txt,,https://archive.org/details/psvitaalive-isotope-244-collection
italian-plumber-adventures,psvitaalive-italian-plumber-adventures,ok,icon0.png;italian-plumber-adventures.vpk;shot_01.png;shot_02.png;shot_03.png;shot_04.png;shot_05.png;SOURCES.txt,,https://archive.org/details/psvitaalive-italian-plumber-adventures
itls-enso,psvitaalive-itls-enso,ok,icon0.png;itls-enso.vpk;shot_01.png;SOURCES.txt,,https://archive.org/details/psvitaalive-itls-enso
jailbreaker-vita,psvitaalive-jailbreaker-vita,ok,icon0.png;jailbreaker-vita.vpk;shot_01.png;SOURCES.txt,,https://archive.org/details/psvitaalive-jailbreaker-vita
javitascript-snake,psvitaalive-javitascript-snake,ok,icon0.png;shot_01.png;snake.vpk;SOURCES.txt,,https://archive.org/details/psvitaalive-javitascript-snake
jellycar,psvitaalive-jellycar,ok,icon0.png;jellycar.vpk;shot_01.png;shot_02.png;shot_03.png;shot_04.png;shot_05.png;SOURCES.txt,,https://archive.org/details/psvitaalive-jellycar
jet-car-stunts-2-vita,psvitaalive-jet-car-stunts-2-vita,ok,icon0.png;jet-car-stunts-2-vita.vpk;shot_01.png;shot_02.png;shot_03.png;shot_04.png;shot_05.png;SOURCES.txt,,https://archive.org/details/psvitaalive-jet-car-stunts-2-vita
jet-set-knights,psvitaalive-jet-set-knights,ok,icon0.png;Jet Set Knights.vpk;shot_01.png;shot_02.png;shot_03.png;shot_04.png;shot_05.png;SOURCES.txt,,https://archive.org/details/psvitaalive-jet-set-knights
jetman-3d,psvitaalive-jetman-3d,ok,icon0.png;jetman-3d.vpk;shot_01.png;SOURCES.txt,,https://archive.org/details/psvitaalive-jetman-3d
jfblood-vita,psvitaalive-jfblood-vita,ok,icon0.png;jfblood-vita.vpk;shot_01.png;shot_02.png;shot_03.png;shot_04.png;shot_05.png;SOURCES.txt,,https://archive.org/details/psvitaalive-jfblood-vita
jfduke3d-vita,psvitaalive-jfduke3d-vita,ok,icon0.png;jfduke3d-vita.vpk;shot_01.png;shot_02.png;shot_03.png;shot_04.png;shot_05.png;SOURCES.txt,,https://archive.org/details/psvitaalive-jfduke3d-vita
jfsw-vita,psvitaalive-jfsw-vita,ok,icon0.png;jfsw-vita.vpk;shot_01.png;shot_02.png;shot_03.png;shot_04.png;shot_05.png;SOURCES.txt,,https://archive.org/details/psvitaalive-jfsw-vita
jftekwar-vita,psvitaalive-jftekwar-vita,ok,icon0.png;jftekwar-vita.vpk;shot_01.png;shot_02.png;shot_03.png;shot_04.png;shot_05.png;SOURCES.txt,,https://archive.org/details/psvitaalive-jftekwar-vita
jinyong-legend,psvitaalive-jinyong-legend,ok,icon0.png;jinyong-legend.vpk;shot_01.png;SOURCES.txt,,https://archive.org/details/psvitaalive-jinyong-legend
jk2vita,psvitaalive-jk2vita,ok,icon0.png;jk2vita.vpk;shot_01.png;shot_02.png;SOURCES.txt,,https://archive.org/details/psvitaalive-jk2vita
julius-vita,psvitaalive-julius-vita,ok,icon0.png;julius-vita.vpk;shot_01.png;shot_02.png;shot_03.png;shot_04.png;shot_05.png;SOURCES.txt,,https://archive.org/details/psvitaalive-julius-vita
jump-jump,psvitaalive-jump-jump,ok,icon0.png;jump-jump.vpk;shot_01.png;shot_02.png;SOURCES.txt,,https://archive.org/details/psvitaalive-jump-jump
jump-king-vita,psvitaalive-jump-king-vita,ok,icon0.png;jump-king-vita.vpk;shot_01.png;shot_02.png;shot_03.png;shot_04.png;shot_05.png;SOURCES.txt,,https://archive.org/details/psvitaalive-jump-king-vita
jumpjumpjumpstart,psvitaalive-jumpjumpjumpstart,ok,icon0.png;jumpjumpjumpstart.vpk;shot_01.png;shot_02.png;shot_03.png;shot_04.png;SOURCES.txt,,https://archive.org/details/psvitaalive-jumpjumpjumpstart
jumpnbump,psvitaalive-jumpnbump,ok,icon0.png;jumpnbump_1.00.vpk;shot_01.png;shot_02.png;shot_03.png;shot_04.png;shot_05.png;SOURCES.txt,,https://archive.org/details/psvitaalive-jumpnbump
juniper-s-knot-vita,psvitaalive-juniper-s-knot-vita,ok,icon0.png;juniper-s-knot-vita.vpk;shot_01.png;SOURCES.txt,,https://archive.org/details/psvitaalive-juniper-s-knot-vita
k-e-t-m-vita,psvitaalive-k-e-t-m-vita,ok,icon0.png;k-e-t-m-vita.vpk;shot_01.png;shot_02.png;shot_03.png;shot_04.png;shot_05.png;SOURCES.txt,,https://archive.org/details/psvitaalive-k-e-t-m-vita
kare-wa-kanojo-vita,psvitaalive-kare-wa-kanojo-vita,ok,icon0.png;kare-wa-kanojo-vita.vpk;shot_01.png;SOURCES.txt,,https://archive.org/details/psvitaalive-kare-wa-kanojo-vita
katawa-crash,psvitaalive-katawa-crash,ok,icon0.png;katawa-crash.vpk;shot_01.png;shot_02.png;shot_03.png;shot_04.png;shot_05.png;SOURCES.txt,,https://archive.org/details/psvitaalive-katawa-crash
katawa-shoujo,psvitaalive-katawa-shoujo,ok,icon0.png;katawa-shoujo.vpk;shot_01.png;shot_02.png;SOURCES.txt,,https://archive.org/details/psvitaalive-katawa-shoujo
katawa-shoujo-r7,psvitaalive-katawa-shoujo-r7,ok,icon0.png;katawa-shoujo-r7.vpk;shot_01.png;shot_02.png;shot_03.png;shot_04.png;shot_05.png;SOURCES.txt,,https://archive.org/details/psvitaalive-katawa-shoujo-r7
katzenklein-redux-vita,psvitaalive-katzenklein-redux-vita,ok,icon0.png;katzenklein-redux-vita.vpk;shot_01.png;shot_02.png;shot_03.png;shot_04.png;shot_05.png;SOURCES.txt,,https://archive.org/details/psvitaalive-katzenklein-redux-vita
keep-in-mind-remastered,psvitaalive-keep-in-mind-remastered,ok,icon0.png;keep-in-mind-remastered.vpk;shot_01.png;shot_02.png;shot_03.png;shot_04.png;shot_05.png;SOURCES.txt,,https://archive.org/details/psvitaalive-keep-in-mind-remastered
kero-blaster-vita,psvitaalive-kero-blaster-vita,ok,icon0.png;kero-blaster-vita.vpk;shot_01.png;shot_02.png;SOURCES.txt,,https://archive.org/details/psvitaalive-kero-blaster-vita
kill-em-all,psvitaalive-kill-em-all,ok,icon0.png;kill-em-all.vpk;shot_01.png;shot_02.png;shot_03.png;shot_04.png;shot_05.png;SOURCES.txt,,https://archive.org/details/psvitaalive-kill-em-all
king-of-machines,psvitaalive-king-of-machines,ok,icon0.png;king-of-machines.vpk;shot_01.png;shot_02.png;shot_03.png;shot_04.png;shot_05.png;SOURCES.txt,,https://archive.org/details/psvitaalive-king-of-machines
kogre-s-mountain,psvitaalive-kogre-s-mountain,ok,557-KogresMountain.vpk;icon0.png;shot_01.png;SOURCES.txt,,https://archive.org/details/psvitaalive-kogre-s-mountain
kogre-s-mountain-kogremoun,psvitaalive-kogre-s-mountain-kogremoun,ok,icon0.png;kogre-s-mountain-kogremoun.vpk;shot_01.png;SOURCES.txt,,https://archive.org/details/psvitaalive-kogre-s-mountain-kogremoun
la-deuda,psvitaalive-la-deuda,ok,icon0.png;la-deuda.vpk;shot_01.png;shot_02.png;SOURCES.txt,,https://archive.org/details/psvitaalive-la-deuda
labyrinth-3d,psvitaalive-labyrinth-3d,ok,icon0.png;labyrinth-3d.vpk;shot_01.png;shot_02.png;shot_03.png;shot_04.png;SOURCES.txt,,https://archive.org/details/psvitaalive-labyrinth-3d
lango-vita,psvitaalive-lango-vita,ok,icon0.png;lango-vita.vpk;shot_01.png;SOURCES.txt,,https://archive.org/details/psvitaalive-lango-vita
lantern-mouse,psvitaalive-lantern-mouse,ok,icon0.png;lantern-mouse.vpk;shot_01.png;shot_02.png;SOURCES.txt,,https://archive.org/details/psvitaalive-lantern-mouse
lapy-games-collection,psvitaalive-lapy-games-collection,ok,icon0.png;lapy-games-collection.vpk;shot_01.png;shot_02.png;SOURCES.txt,,https://archive.org/details/psvitaalive-lapy-games-collection
late-shift-vita,psvitaalive-late-shift-vita,ok,1121-lateshift.vpk;icon0.png;shot_01.png;shot_02.png;shot_03.png;shot_04.png;SOURCES.txt,,https://archive.org/details/psvitaalive-late-shift-vita
late-shift-vita-lateshift,psvitaalive-late-shift-vita-lateshift,ok,icon0.png;late-shift-vita-lateshift.vpk;shot_01.png;shot_02.png;shot_03.png;shot_04.png;SOURCES.txt,,https://archive.org/details/psvitaalive-late-shift-vita-lateshift
lcd-color-saturation,psvitaalive-lcd-color-saturation,ok,icon0.png;lcdsat.vpk;shot_01.png;shot_02.png;shot_03.png;shot_04.png;SOURCES.txt,,https://archive.org/details/psvitaalive-lcd-color-saturation
leap-of-faith,psvitaalive-leap-of-faith,ok,icon0.png;leap-of-faith.vpk;shot_01.png;SOURCES.txt,,https://archive.org/details/psvitaalive-leap-of-faith
left-4-dead-2d,psvitaalive-left-4-dead-2d,ok,icon0.png;left-4-dead-2d.vpk;shot_01.png;shot_02.png;shot_03.png;shot_04.png;SOURCES.txt,,https://archive.org/details/psvitaalive-left-4-dead-2d
lego-island,psvitaalive-lego-island,ok,icon0.png;isle.vpk;shot_01.png;SOURCES.txt,,https://archive.org/details/psvitaalive-lego-island
leo-s-fortune-vita,psvitaalive-leo-s-fortune-vita,ok,icon0.png;leo-s-fortune-vita.vpk;shot_01.png;SOURCES.txt,,https://archive.org/details/psvitaalive-leo-s-fortune-vita
let-me-sleep,psvitaalive-let-me-sleep,ok,icon0.png;let-me-sleep.vpk;shot_01.png;shot_02.png;shot_03.png;shot_04.png;SOURCES.txt,,https://archive.org/details/psvitaalive-let-me-sleep
lifelua,psvitaalive-lifelua,ok,icon0.png;lifelua.vpk;shot_01.png;shot_02.png;shot_03.png;shot_04.png;shot_05.png;SOURCES.txt,,https://archive.org/details/psvitaalive-lifelua
lighthouse-vita,psvitaalive-lighthouse-vita,ok,icon0.png;lighthouse-vita.vpk;shot_01.png;shot_02.png;shot_03.png;shot_04.png;SOURCES.txt,,https://archive.org/details/psvitaalive-lighthouse-vita
log-reset-for-yoyo-loader,psvitaalive-log-reset-for-yoyo-loader,ok,icon0.png;log-reset-for-yoyo-loader.vpk;shot_01.png;SOURCES.txt,,https://archive.org/details/psvitaalive-log-reset-for-yoyo-loader
loonies-8192,psvitaalive-loonies-8192,ok,icon0.png;loonies-8192.vpk;shot_01.png;shot_02.png;shot_03.png;shot_04.png;SOURCES.txt,,https://archive.org/details/psvitaalive-loonies-8192
lost-on-island,psvitaalive-lost-on-island,ok,icon0.png;lost-on-island.vpk;shot_01.png;shot_02.png;shot_03.png;shot_04.png;shot_05.png;SOURCES.txt,,https://archive.org/details/psvitaalive-lost-on-island
love,psvitaalive-love,ok,icon0.png;love.vpk;shot_01.png;shot_02.png;shot_03.png;shot_04.png;shot_05.png;SOURCES.txt,,https://archive.org/details/psvitaalive-love
lswtcs-vita,psvitaalive-lswtcs-vita,ok,icon0.png;lswtcs-vita.vpk;shot_01.png;shot_02.png;shot_03.png;shot_04.png;shot_05.png;SOURCES.txt,,https://archive.org/details/psvitaalive-lswtcs-vita
lua-game-of-life,psvitaalive-lua-game-of-life,ok,icon0.png;lua-game-of-life.vpk;shot_01.png;shot_02.png;SOURCES.txt,,https://archive.org/details/psvitaalive-lua-game-of-life
lua-player-plus-vita,psvitaalive-lua-player-plus-vita,ok,icon0.png;lua-player-plus-vita.vpk;shot_01.png;shot_02.png;shot_03.png;shot_04.png;shot_05.png;SOURCES.txt,,https://archive.org/details/psvitaalive-lua-player-plus-vita
luairc,psvitaalive-luairc,ok,icon0.png;luairc.vpk;shot_01.png;shot_02.png;shot_03.png;shot_04.png;SOURCES.txt,,https://archive.org/details/psvitaalive-luairc
luavitaseccy,psvitaalive-luavitaseccy,ok,icon0.png;luavitaseccy.vpk;shot_01.png;shot_02.png;shot_03.png;shot_04.png;shot_05.png;SOURCES.txt,,https://archive.org/details/psvitaalive-luavitaseccy
lugaru-hd,psvitaalive-lugaru-hd,ok,icon0.png;lugaru-hd.vpk;shot_01.png;shot_02.png;shot_03.png;shot_04.png;shot_05.png;SOURCES.txt,,https://archive.org/details/psvitaalive-lugaru-hd
lynne,psvitaalive-lynne,ok,icon0.png;lynne.vpk;shot_01.png;shot_02.png;shot_03.png;shot_04.png;shot_05.png;SOURCES.txt,,https://archive.org/details/psvitaalive-lynne
mad-bomber-vita,psvitaalive-mad-bomber-vita,ok,icon0.png;mad-bomber-vita.vpk;shot_01.png;shot_02.png;SOURCES.txt,,https://archive.org/details/psvitaalive-mad-bomber-vita
mad-bullets-vita,psvitaalive-mad-bullets-vita,ok,icon0.png;mad-bullets-vita.vpk;shot_01.png;shot_02.png;shot_03.png;shot_04.png;shot_05.png;SOURCES.txt,,https://archive.org/details/psvitaalive-mad-bullets-vita
madn,psvitaalive-madn,ok,icon0.png;madn.vpk;shot_01.png;shot_02.png;shot_03.png;shot_04.png;shot_05.png;SOURCES.txt,,https://archive.org/details/psvitaalive-madn
maidumptool,psvitaalive-maidumptool,ok,icon0.png;maidumptool.vpk;shot_01.png;shot_02.png;shot_03.png;SOURCES.txt,,https://archive.org/details/psvitaalive-maidumptool
manga-downloader,psvitaalive-manga-downloader,ok,icon0.png;manga-downloader.vpk;shot_01.png;SOURCES.txt,,https://archive.org/details/psvitaalive-manga-downloader
marmaladeboy_lcd,psvitaalive-marmaladeboy_lcd,ok,icon0.png;MarmaladeBoy_LCD.vpk;shot_01.png;shot_02.png;shot_03.png;shot_04.png;shot_05.png;SOURCES.txt,,https://archive.org/details/psvitaalive-marmaladeboy_lcd
mass-effect-infiltrator-vita,psvitaalive-mass-effect-infiltrator-vita,ok,icon0.png;mass-effect-infiltrator-vita.vpk;shot_01.png;shot_02.png;shot_03.png;shot_04.png;shot_05.png;SOURCES.txt,,https://archive.org/details/psvitaalive-mass-effect-infiltrator-vita
max-payne,psvitaalive-max-payne,ok,icon0.png;max-payne.vpk;shot_01.png;shot_02.png;shot_03.png;shot_04.png;shot_05.png;SOURCES.txt,,https://archive.org/details/psvitaalive-max-payne
maximilien-adventure,psvitaalive-maximilien-adventure,ok,icon0.png;maximilien-adventure-godot-demo.vpk;shot_01.png;shot_02.png;shot_03.png;shot_04.png;shot_05.png;SOURCES.txt,,https://archive.org/details/psvitaalive-maximilien-adventure
mcdonalds-ecdp-keygen,psvitaalive-mcdonalds-ecdp-keygen,ok,eCDPKeyGen.vpk;icon0.png;shot_01.png;SOURCES.txt,,https://archive.org/details/psvitaalive-mcdonalds-ecdp-keygen
mcpixel-3-vita,psvitaalive-mcpixel-3-vita,ok,icon0.png;mcpixel-3-vita.vpk;shot_01.png;shot_02.png;shot_03.png;shot_04.png;shot_05.png;SOURCES.txt,,https://archive.org/details/psvitaalive-mcpixel-3-vita
media-importer,psvitaalive-media-importer,ok,icon0.png;media-importer.vpk;shot_01.png;SOURCES.txt,,https://archive.org/details/psvitaalive-media-importer
memcardswap,psvitaalive-memcardswap,ok,icon0.png;memcardswap.vpk;shot_01.png;SOURCES.txt,,https://archive.org/details/psvitaalive-memcardswap
memorygame,psvitaalive-memorygame,ok,icon0.png;memorygame.vpk;shot_01.png;shot_02.png;shot_03.png;shot_04.png;shot_05.png;SOURCES.txt,,https://archive.org/details/psvitaalive-memorygame
meritous,psvitaalive-meritous,ok,icon0.png;meritous.vpk;shot_01.png;shot_02.png;shot_03.png;shot_04.png;shot_05.png;SOURCES.txt,,https://archive.org/details/psvitaalive-meritous
methane,psvitaalive-methane,ok,icon0.png;methane.vpk;shot_01.png;shot_02.png;shot_03.png;shot_04.png;shot_05.png;SOURCES.txt,,https://archive.org/details/psvitaalive-methane
mgba,psvitaalive-mgba,ok,icon0.png;mgba.vpk;shot_01.png;shot_02.png;shot_03.png;shot_04.png;shot_05.png;SOURCES.txt,,https://archive.org/details/psvitaalive-mgba
microchip,psvitaalive-microchip,ok,icon0.png;microchip.vpk;shot_05.png;SOURCES.txt,,https://archive.org/details/psvitaalive-microchip
mighty-mike-vita,psvitaalive-mighty-mike-vita,ok,icon0.png;mighty-mike-vita.vpk;shot_01.png;shot_02.png;shot_03.png;shot_04.png;shot_05.png;SOURCES.txt,,https://archive.org/details/psvitaalive-mighty-mike-vita
miku-vu,psvitaalive-miku-vu,ok,icon0.png;miku-vu.vpk;shot_01.png;shot_02.png;shot_03.png;shot_04.png;shot_05.png;SOURCES.txt,,https://archive.org/details/psvitaalive-miku-vu
milietetris,psvitaalive-milietetris,ok,icon0.png;milietetris.vpk;shot_01.png;shot_02.png;shot_03.png;shot_04.png;SOURCES.txt,,https://archive.org/details/psvitaalive-milietetris
milkytracker-vita,psvitaalive-milkytracker-vita,ok,icon0.png;milkytracker-vita.vpk;shot_01.png;SOURCES.txt,,https://archive.org/details/psvitaalive-milkytracker-vita
minecraft-pe,psvitaalive-minecraft-pe,ok,icon0.png;minecraftpe.vpk;shot_01.png;SOURCES.txt,,https://archive.org/details/psvitaalive-minecraft-pe
minecraft-pe-demo,psvitaalive-minecraft-pe-demo,ok,icon0.png;minecraftpe_demo.vpk;shot_01.png;SOURCES.txt,,https://archive.org/details/psvitaalive-minecraft-pe-demo
minecraft-story-mode,psvitaalive-minecraft-story-mode,ok,icon0.png;minecraft-story-mode.vpk;shot_01.png;shot_02.png;shot_03.png;shot_04.png;shot_05.png;SOURCES.txt,,https://archive.org/details/psvitaalive-minecraft-story-mode
minesweeper,psvitaalive-minesweeper,ok,icon0.png;minesweeper.vpk;shot_01.png;shot_02.png;SOURCES.txt,,https://archive.org/details/psvitaalive-minesweeper
minicraft-vita,psvitaalive-minicraft-vita,ok,icon0.png;minicraft-vita.vpk;shot_01.png;shot_02.png;shot_03.png;shot_04.png;SOURCES.txt,,https://archive.org/details/psvitaalive-minicraft-vita
miniretroxmb,psvitaalive-miniretroxmb,ok,icon0.png;miniretroxmb.vpk;shot_01.png;SOURCES.txt,,https://archive.org/details/psvitaalive-miniretroxmb
minit,psvitaalive-minit,ok,icon0.png;minit.vpk;shot_01.png;shot_02.png;shot_03.png;shot_04.png;SOURCES.txt,,https://archive.org/details/psvitaalive-minit
minit-fun-racer,psvitaalive-minit-fun-racer,ok,icon0.png;minit-fun-racer.vpk;shot_01.png;shot_02.png;shot_03.png;shot_04.png;shot_05.png;SOURCES.txt,,https://archive.org/details/psvitaalive-minit-fun-racer
minotaur,psvitaalive-minotaur,ok,icon0.png;minotaur.vpk;shot_01.png;shot_02.png;shot_03.png;shot_04.png;shot_05.png;SOURCES.txt,,https://archive.org/details/psvitaalive-minotaur
mirror,psvitaalive-mirror,ok,icon0.png;mirror.vpk;shot_01.png;shot_02.png;shot_03.png;shot_04.png;SOURCES.txt,,https://archive.org/details/psvitaalive-mirror
mirrormagic,psvitaalive-mirrormagic,ok,icon0.png;mirrormagic_vita_1.12.vpk;shot_01.png;shot_02.png;shot_03.png;shot_04.png;shot_05.png;SOURCES.txt,,https://archive.org/details/psvitaalive-mirrormagic
mkmayhem,psvitaalive-mkmayhem,ok,icon0.png;mkmayhem.vpk;shot_01.png;shot_02.png;shot_03.png;shot_04.png;shot_05.png;SOURCES.txt,,https://archive.org/details/psvitaalive-mkmayhem
mkrandom,psvitaalive-mkrandom,ok,icon0.png;mkrandom.vpk;shot_01.png;shot_02.png;SOURCES.txt,,https://archive.org/details/psvitaalive-mkrandom
mltactivator,psvitaalive-mltactivator,ok,icon0.png;mltactivator.vpk;shot_01.png;SOURCES.txt,,https://archive.org/details/psvitaalive-mltactivator
mobility,psvitaalive-mobility,ok,icon0.png;mobility.vpk;shot_01.png;SOURCES.txt,,https://archive.org/details/psvitaalive-mobility
modoru,psvitaalive-modoru,ok,icon0.png;modoru.vpk;shot_01.png;SOURCES.txt,,https://archive.org/details/psvitaalive-modoru
mog-vita,psvitaalive-mog-vita,ok,icon0.png;mog-vita.vpk;shot_01.png;shot_02.png;shot_03.png;shot_04.png;shot_05.png;SOURCES.txt,,https://archive.org/details/psvitaalive-mog-vita
monument-valley,psvitaalive-monument-valley,ok,icon0.png;monument-valley.vpk;shot_01.png;shot_02.png;shot_03.png;shot_04.png;shot_05.png;SOURCES.txt,,https://archive.org/details/psvitaalive-monument-valley
moodiwalkisim,psvitaalive-moodiwalkisim,ok,icon0.png;moodiwalkisim.vpk;shot_01.png;shot_02.png;shot_03.png;shot_04.png;shot_05.png;SOURCES.txt,,https://archive.org/details/psvitaalive-moodiwalkisim
moon-whitelister,psvitaalive-moon-whitelister,ok,icon0.png;moon-whitelister.vpk;shot_01.png;shot_02.png;SOURCES.txt,,https://archive.org/details/psvitaalive-moon-whitelister
mother-encore-vita,psvitaalive-mother-encore-vita,ok,icon0.png;MotherEncore-Vita-v0.2b.vpk;shot_01.png;shot_02.png;shot_03.png;shot_04.png;shot_05.png;SOURCES.txt,,https://archive.org/details/psvitaalive-mother-encore-vita
msweep,psvitaalive-msweep,ok,icon0.png;msweep.vpk;shot_01.png;shot_02.png;shot_03.png;shot_04.png;shot_05.png;SOURCES.txt,,https://archive.org/details/psvitaalive-msweep
mvplayer,psvitaalive-mvplayer,ok,icon0.png;MVPLAYER0.vpk;shot_01.png;shot_02.png;SOURCES.txt,,https://archive.org/details/psvitaalive-mvplayer
my-bakku-pakku,psvitaalive-my-bakku-pakku,ok,icon0.png;my-bakku-pakku.vpk;shot_01.png;shot_02.png;shot_03.png;shot_04.png;shot_05.png;SOURCES.txt,,https://archive.org/details/psvitaalive-my-bakku-pakku
my-shut-in-demon-port,psvitaalive-my-shut-in-demon-port,ok,icon0.png;my.shut-in.demon.vpk;shot_01.png;SOURCES.txt,,https://archive.org/details/psvitaalive-my-shut-in-demon-port
nanosaur-2-vita,psvitaalive-nanosaur-2-vita,ok,icon0.png;nanosaur-2-vita.vpk;shot_01.png;shot_02.png;shot_03.png;shot_04.png;shot_05.png;SOURCES.txt,,https://archive.org/details/psvitaalive-nanosaur-2-vita
nanosaur-vita,psvitaalive-nanosaur-vita,ok,icon0.png;nanosaur-vita.vpk;shot_01.png;shot_02.png;shot_03.png;shot_04.png;shot_05.png;SOURCES.txt,,https://archive.org/details/psvitaalive-nanosaur-vita
nanospeed-gamer,psvitaalive-nanospeed-gamer,ok,icon0.png;nanospeed-gamer.vpk;shot_01.png;shot_02.png;shot_03.png;shot_04.png;shot_05.png;SOURCES.txt,,https://archive.org/details/psvitaalive-nanospeed-gamer
naoh-arcade-collection,psvitaalive-naoh-arcade-collection,ok,icon0.png;naoh-arcade-collection.vpk;shot_01.png;SOURCES.txt,,https://archive.org/details/psvitaalive-naoh-arcade-collection
naruto-boruto,psvitaalive-naruto-boruto,ok,icon0.png;naruto-boruto.vpk;shot_01.png;shot_02.png;shot_03.png;shot_04.png;shot_05.png;SOURCES.txt,,https://archive.org/details/psvitaalive-naruto-boruto
naught-2-vita,psvitaalive-naught-2-vita,ok,icon0.png;naught-2-vita.vpk;shot_01.png;shot_02.png;shot_03.png;shot_04.png;shot_05.png;SOURCES.txt,,https://archive.org/details/psvitaalive-naught-2-vita
naught-vita,psvitaalive-naught-vita,ok,icon0.png;naught-vita.vpk;shot_01.png;shot_02.png;shot_03.png;shot_04.png;shot_05.png;SOURCES.txt,,https://archive.org/details/psvitaalive-naught-vita
nazi-zombies-portable,psvitaalive-nazi-zombies-portable,ok,icon0.png;nazi-zombies-portable.vpk;shot_01.png;shot_02.png;shot_03.png;shot_04.png;shot_05.png;SOURCES.txt,,https://archive.org/details/psvitaalive-nazi-zombies-portable
nba-jam-vita,psvitaalive-nba-jam-vita,ok,icon0.png;nba-jam-vita.vpk;shot_01.png;shot_02.png;shot_03.png;shot_04.png;SOURCES.txt,,https://archive.org/details/psvitaalive-nba-jam-vita
neet-girl-date-night-vita,psvitaalive-neet-girl-date-night-vita,ok,icon0.png;neet-girl-date-night-vita.vpk;shot_01.png;SOURCES.txt,,https://archive.org/details/psvitaalive-neet-girl-date-night-vita
neighbours-from-hell,psvitaalive-neighbours-from-hell,ok,icon0.png;neighbours-from-hell.vpk;shot_01.png;shot_02.png;shot_03.png;shot_04.png;SOURCES.txt,,https://archive.org/details/psvitaalive-neighbours-from-hell
nekodrome,psvitaalive-nekodrome,ok,icon0.png;nekodrome.vpk;shot_01.png;shot_02.png;shot_03.png;shot_04.png;shot_05.png;SOURCES.txt,,https://archive.org/details/psvitaalive-nekodrome
neopopvita,psvitaalive-neopopvita,ok,icon0.png;neopopvita.vpk;shot_01.png;shot_02.png;shot_03.png;shot_04.png;shot_05.png;SOURCES.txt,,https://archive.org/details/psvitaalive-neopopvita
neovitadb-downloader,psvitaalive-neovitadb-downloader,ok,icon0.png;neovitadb-downloader.vpk;shot_01.png;shot_02.png;SOURCES.txt,,https://archive.org/details/psvitaalive-neovitadb-downloader
neverball-vita,psvitaalive-neverball-vita,ok,icon0.png;neverball-vita.vpk;shot_01.png;shot_02.png;shot_03.png;shot_04.png;shot_05.png;SOURCES.txt,,https://archive.org/details/psvitaalive-neverball-vita
neverputt-vita,psvitaalive-neverputt-vita,ok,icon0.png;neverputt-vita.vpk;shot_01.png;shot_02.png;shot_03.png;shot_04.png;shot_05.png;SOURCES.txt,,https://archive.org/details/psvitaalive-neverputt-vita
nextbot-for-psvita,psvitaalive-nextbot-for-psvita,ok,icon0.png;nextbot-for-psvita.vpk;shot_01.png;shot_02.png;shot_03.png;SOURCES.txt,,https://archive.org/details/psvitaalive-nextbot-for-psvita
nfshp-vita,psvitaalive-nfshp-vita,ok,icon0.png;nfshp-vita.vpk;shot_01.png;shot_02.png;shot_03.png;shot_04.png;shot_05.png;SOURCES.txt,,https://archive.org/details/psvitaalive-nfshp-vita
night-in-the-woods,psvitaalive-night-in-the-woods,ok,icon0.png;night-in-the-woods.vpk;shot_01.png;shot_02.png;shot_03.png;shot_04.png;shot_05.png;SOURCES.txt,,https://archive.org/details/psvitaalive-night-in-the-woods
nkaruga,psvitaalive-nkaruga,ok,icon0.png;nkaruga.vpk;shot_01.png;shot_02.png;shot_03.png;shot_04.png;shot_05.png;SOURCES.txt,,https://archive.org/details/psvitaalive-nkaruga
no-more-dungeons,psvitaalive-no-more-dungeons,ok,icon0.png;no-more-dungeons.vpk;shot_01.png;shot_02.png;shot_03.png;shot_04.png;shot_05.png;SOURCES.txt,,https://archive.org/details/psvitaalive-no-more-dungeons
noboru,psvitaalive-noboru,ok,icon0.png;noboru.vpk;shot_01.png;shot_02.png;shot_03.png;shot_04.png;shot_05.png;SOURCES.txt,,https://archive.org/details/psvitaalive-noboru
non-competitive-singing-potatoes,psvitaalive-non-competitive-singing-potatoes,ok,icon0.png;non-competitive-singing-potatoes.vpk;shot_01.png;shot_02.png;SOURCES.txt,,https://archive.org/details/psvitaalive-non-competitive-singing-potatoes
noods,psvitaalive-noods,ok,icon0.png;noods.vpk;shot_01.png;SOURCES.txt,,https://archive.org/details/psvitaalive-noods
nosleep,psvitaalive-nosleep,ok,icon0.png;NoSleep.vpk;shot_01.png;SOURCES.txt,,https://archive.org/details/psvitaalive-nosleep
not-a-hero-vita,psvitaalive-not-a-hero-vita,ok,icon0.png;not-a-hero-vita.vpk;shot_01.png;shot_02.png;shot_03.png;shot_04.png;shot_05.png;SOURCES.txt,,https://archive.org/details/psvitaalive-not-a-hero-vita
notepad-vita,psvitaalive-notepad-vita,ok,310-Notepad.vpk;icon0.png;shot_01.png;shot_02.png;shot_03.png;shot_04.png;SOURCES.txt,,https://archive.org/details/psvitaalive-notepad-vita
notepad-vita-note00001,psvitaalive-notepad-vita-note00001,ok,icon0.png;notepad-vita-note00001.vpk;shot_01.png;SOURCES.txt,,https://archive.org/details/psvitaalive-notepad-vita-note00001
nredneck-vita,psvitaalive-nredneck-vita,ok,icon0.png;nredneck-vita.vpk;shot_01.png;shot_02.png;shot_03.png;shot_04.png;shot_05.png;SOURCES.txt,,https://archive.org/details/psvitaalive-nredneck-vita
numpty-physics,psvitaalive-numpty-physics,ok,icon0.png;numpty-physics.vpk;shot_01.png;shot_02.png;shot_03.png;shot_04.png;SOURCES.txt,,https://archive.org/details/psvitaalive-numpty-physics
nxengine-evo,psvitaalive-nxengine-evo,ok,icon0.png;NXEngine-Evo-v2.6.5-Vita.vpk;shot_01.png;SOURCES.txt,,https://archive.org/details/psvitaalive-nxengine-evo
nyan-cat-lost-in-space-vita,psvitaalive-nyan-cat-lost-in-space-vita,ok,icon0.png;nyan-cat-lost-in-space-vita.vpk;shot_01.png;shot_02.png;shot_03.png;shot_04.png;shot_05.png;SOURCES.txt,,https://archive.org/details/psvitaalive-nyan-cat-lost-in-space-vita
oceanpop,psvitaalive-oceanpop,ok,icon0.png;oceanpop.vpk;shot_01.png;shot_02.png;SOURCES.txt,,https://archive.org/details/psvitaalive-oceanpop
omega-strike-vita,psvitaalive-omega-strike-vita,ok,icon0.png;omega-strike-vita.vpk;shot_01.png;SOURCES.txt,,https://archive.org/details/psvitaalive-omega-strike-vita
onscripter-jh-psvita,psvitaalive-onscripter-jh-psvita,ok,icon0.png;onscripter-jh-psvita.vpk;shot_01.png;shot_02.png;shot_03.png;shot_04.png;SOURCES.txt,,https://archive.org/details/psvitaalive-onscripter-jh-psvita
onscripter-vita,psvitaalive-onscripter-vita,ok,icon0.png;onscripter-vita.vpk;shot_01.png;SOURCES.txt,,https://archive.org/details/psvitaalive-onscripter-vita
onslaught-arena,psvitaalive-onslaught-arena,ok,icon0.png;onslaught-arena.vpk;shot_01.png;shot_02.png;shot_03.png;shot_04.png;shot_05.png;SOURCES.txt,,https://archive.org/details/psvitaalive-onslaught-arena
openbor,psvitaalive-openbor,ok,icon0.png;OpenBOR.vpk;shot_01.png;shot_02.png;shot_03.png;shot_04.png;shot_05.png;SOURCES.txt,,https://archive.org/details/psvitaalive-openbor
openhcl,psvitaalive-openhcl,ok,icon0.png;openhcl.vpk;shot_01.png;SOURCES.txt,,https://archive.org/details/psvitaalive-openhcl
openjazz,psvitaalive-openjazz,ok,icon0.png;openjazz.vpk;shot_01.png;shot_02.png;SOURCES.txt,,https://archive.org/details/psvitaalive-openjazz
openmrac-vita,psvitaalive-openmrac-vita,ok,icon0.png;openmrac-vita.vpk;shot_01.png;shot_02.png;shot_03.png;shot_04.png;shot_05.png;SOURCES.txt,,https://archive.org/details/psvitaalive-openmrac-vita
openmw-vita,psvitaalive-openmw-vita,ok,icon0.png;openmw-vita.vpk;shot_01.png;shot_02.png;shot_03.png;shot_04.png;shot_05.png;SOURCES.txt,,https://archive.org/details/psvitaalive-openmw-vita
opennow-vita,psvitaalive-opennow-vita,ok,icon0.png;opennow-vita.vpk;shot_01.png;shot_02.png;SOURCES.txt,,https://archive.org/details/psvitaalive-opennow-vita
openrct2-ce-vita,psvitaalive-openrct2-ce-vita,ok,icon0.png;openrct2-ce-vita.vpk;shot_01.png;SOURCES.txt,,https://archive.org/details/psvitaalive-openrct2-ce-vita
openseason,psvitaalive-openseason,ok,icon0.png;openseason.vpk;shot_01.png;shot_02.png;SOURCES.txt,,https://archive.org/details/psvitaalive-openseason
opensonic-vita,psvitaalive-opensonic-vita,ok,icon0.png;opensonic-vita.vpk;shot_01.png;shot_02.png;SOURCES.txt,,https://archive.org/details/psvitaalive-opensonic-vita
opensupaplex,psvitaalive-opensupaplex,ok,icon0.png;OpenSupaplex.vpk;shot_01.png;shot_02.png;shot_03.png;shot_04.png;shot_05.png;SOURCES.txt,,https://archive.org/details/psvitaalive-opensupaplex
opensyobon,psvitaalive-opensyobon,ok,icon0.png;opensyobon.vpk;shot_01.png;shot_02.png;shot_03.png;shot_04.png;SOURCES.txt,,https://archive.org/details/psvitaalive-opensyobon
opentitus,psvitaalive-opentitus,ok,icon0.png;opentitus.vpk;shot_01.png;SOURCES.txt,,https://archive.org/details/psvitaalive-opentitus
openttd,psvitaalive-openttd,ok,icon0.png;openttd.vpk;shot_01.png;shot_02.png;shot_03.png;shot_04.png;shot_05.png;SOURCES.txt,,https://archive.org/details/psvitaalive-openttd
opentyrian2000,psvitaalive-opentyrian2000,ok,icon0.png;OpenTyrian2000-PSVita.vpk;shot_01.png;SOURCES.txt,,https://archive.org/details/psvitaalive-opentyrian2000
opentyrian2000-optiryan2,psvitaalive-opentyrian2000-optiryan2,ok,icon0.png;opentyrian2000-optiryan2.vpk;shot_01.png;SOURCES.txt,,https://archive.org/details/psvitaalive-opentyrian2000-optiryan2
openvitaliero,psvitaalive-openvitaliero,ok,icon0.png;openvitaliero.vpk;shot_01.png;shot_02.png;SOURCES.txt,,https://archive.org/details/psvitaalive-openvitaliero
openxcom,psvitaalive-openxcom,ok,icon0.png;openxcom.vpk;shot_01.png;shot_02.png;shot_03.png;shot_04.png;shot_05.png;SOURCES.txt,,https://archive.org/details/psvitaalive-openxcom
openxcom-extended,psvitaalive-openxcom-extended,ok,icon0.png;openxcom-extended.vpk;shot_01.png;shot_02.png;shot_03.png;shot_04.png;shot_05.png;SOURCES.txt,,https://archive.org/details/psvitaalive-openxcom-extended
osu-octave,psvitaalive-osu-octave,ok,icon0.png;osu-octave.vpk;shot_01.png;shot_02.png;shot_03.png;shot_04.png;shot_05.png;SOURCES.txt,,https://archive.org/details/psvitaalive-osu-octave
ottomatic-vita,psvitaalive-ottomatic-vita,ok,icon0.png;ottomatic-vita.vpk;shot_01.png;shot_02.png;shot_03.png;shot_04.png;shot_05.png;SOURCES.txt,,https://archive.org/details/psvitaalive-ottomatic-vita
overcome,psvitaalive-overcome,ok,458-Overcome.vpk;icon0.png;shot_01.png;SOURCES.txt,,https://archive.org/details/psvitaalive-overcome
overcome-lapy10004,psvitaalive-overcome-lapy10004,ok,icon0.png;overcome-lapy10004.vpk;shot_01.png;SOURCES.txt,,https://archive.org/details/psvitaalive-overcome-lapy10004
pacman-ce-dx-vita,psvitaalive-pacman-ce-dx-vita,ok,icon0.png;pacman-ce-dx-vita.vpk;shot_01.png;SOURCES.txt,,https://archive.org/details/psvitaalive-pacman-ce-dx-vita
pako-forever,psvitaalive-pako-forever,ok,icon0.png;pako-forever.vpk;shot_01.png;SOURCES.txt,,https://archive.org/details/psvitaalive-pako-forever
pancomos,psvitaalive-pancomos,ok,icon0.png;pancomos.vpk;shot_01.png;shot_02.png;shot_03.png;shot_04.png;shot_05.png;SOURCES.txt,,https://archive.org/details/psvitaalive-pancomos
panelpop,psvitaalive-panelpop,ok,icon0.png;panelpop.vpk;shot_01.png;shot_02.png;shot_03.png;shot_04.png;shot_05.png;SOURCES.txt,,https://archive.org/details/psvitaalive-panelpop
pang-adventures-vita,psvitaalive-pang-adventures-vita,ok,icon0.png;pang-adventures-vita.vpk;shot_01.png;shot_02.png;shot_03.png;shot_04.png;shot_05.png;SOURCES.txt,,https://archive.org/details/psvitaalive-pang-adventures-vita
paper-train-reloaded-vita,psvitaalive-paper-train-reloaded-vita,ok,icon0.png;paper-train-reloaded-vita.vpk;shot_01.png;shot_02.png;shot_03.png;shot_04.png;shot_05.png;SOURCES.txt,,https://archive.org/details/psvitaalive-paper-train-reloaded-vita
paper-train-rush-vita,psvitaalive-paper-train-rush-vita,ok,icon0.png;paper-train-rush-vita.vpk;shot_01.png;shot_02.png;shot_03.png;shot_04.png;shot_05.png;SOURCES.txt,,https://archive.org/details/psvitaalive-paper-train-rush-vita
parental-control-bypass,psvitaalive-parental-control-bypass,ok,icon0.png;Parental_Control_Bypass.vpk;shot_01.png;SOURCES.txt,,https://archive.org/details/psvitaalive-parental-control-bypass
parkour-labs,psvitaalive-parkour-labs,ok,1099-Parkour_Labs.vpk;icon0.png;shot_01.png;shot_02.png;SOURCES.txt,,https://archive.org/details/psvitaalive-parkour-labs
partia-the-granian-trilogy,psvitaalive-partia-the-granian-trilogy,ok,icon0.png;partia-the-granian-trilogy.vpk;shot_01.png;shot_02.png;shot_03.png;shot_04.png;shot_05.png;SOURCES.txt,,https://archive.org/details/psvitaalive-partia-the-granian-trilogy
party-hard-vita,psvitaalive-party-hard-vita,ok,icon0.png;party-hard-vita.vpk;shot_01.png;shot_02.png;SOURCES.txt,,https://archive.org/details/psvitaalive-party-hard-vita
pause,psvitaalive-pause,ok,icon0.png;pause.vpk;shot_01.png;shot_02.png;shot_03.png;shot_04.png;shot_05.png;SOURCES.txt,,https://archive.org/details/psvitaalive-pause
pc-link,psvitaalive-pc-link,ok,icon0.png;pc-link.vpk;shot_01.png;shot_02.png;shot_03.png;shot_04.png;shot_05.png;SOURCES.txt,,https://archive.org/details/psvitaalive-pc-link
pekka-kana-2-vita,psvitaalive-pekka-kana-2-vita,error,icon0.png;pekka-kana-2-vita.vpk;shot_01.png;shot_02.png;shot_03.png;shot_04.png;shot_05.png;SOURCES.txt,"HTTPError:  error uploading shot_01.png to psvitaalive-pekka-kana-2-vita, Uploaded content is unacceptable. - image file has non-image contents: application/octet-stream, try one of these extensions: .bin .a .dll .exe .o .obj .so .deploy .msu .msp",
perfect-dark-vita,psvitaalive-perfect-dark-vita,ok,icon0.png;perfect-dark-vita.vpk;shot_01.png;shot_02.png;shot_03.png;shot_04.png;shot_05.png;SOURCES.txt,,https://archive.org/details/psvitaalive-perfect-dark-vita
pfba,psvitaalive-pfba,ok,icon0.png;pfba.vpk;shot_01.png;shot_02.png;shot_03.png;shot_04.png;shot_05.png;SOURCES.txt,,https://archive.org/details/psvitaalive-pfba
pfbn,psvitaalive-pfbn,ok,icon0.png;pfbn.vpk;shot_01.png;shot_02.png;SOURCES.txt,,https://archive.org/details/psvitaalive-pfbn
pgba,psvitaalive-pgba,ok,icon0.png;pgba.vpk;shot_01.png;SOURCES.txt,,https://archive.org/details/psvitaalive-pgba
pgen,psvitaalive-pgen,ok,icon0.png;pgen.vpk;shot_01.png;SOURCES.txt,,https://archive.org/details/psvitaalive-pgen
pickleball-vita,psvitaalive-pickleball-vita,ok,icon0.png;pickleball-vita.vpk;shot_01.png;shot_02.png;shot_03.png;shot_04.png;shot_05.png;SOURCES.txt,,https://archive.org/details/psvitaalive-pickleball-vita
pickr-vita,psvitaalive-pickr-vita,ok,icon0.png;pickr-vita.vpk;shot_01.png;shot_02.png;SOURCES.txt,,https://archive.org/details/psvitaalive-pickr-vita
picoloop,psvitaalive-picoloop,ok,icon0.png;picoloop.vpk;shot_01.png;SOURCES.txt,,https://archive.org/details/psvitaalive-picoloop
picrest,psvitaalive-picrest,ok,icon0.png;picrest.vpk;shot_01.png;shot_02.png;shot_03.png;shot_04.png;shot_05.png;SOURCES.txt,,https://archive.org/details/psvitaalive-picrest
picture-poker,psvitaalive-picture-poker,ok,icon0.png;picture-poker.vpk;shot_01.png;SOURCES.txt,,https://archive.org/details/psvitaalive-picture-poker
pikuniku-vita,psvitaalive-pikuniku-vita,ok,icon0.png;pikuniku-vita.vpk;shot_01.png;shot_02.png;shot_03.png;shot_04.png;shot_05.png;SOURCES.txt,,https://archive.org/details/psvitaalive-pikuniku-vita
pingo,psvitaalive-pingo,ok,icon0.png;pingo.vpk;shot_01.png;shot_02.png;shot_03.png;shot_04.png;shot_05.png;SOURCES.txt,,https://archive.org/details/psvitaalive-pingo
pinkshake,psvitaalive-pinkshake,ok,icon0.png;pinkshake.vpk;shot_01.png;shot_02.png;shot_03.png;shot_04.png;shot_05.png;SOURCES.txt,,https://archive.org/details/psvitaalive-pinkshake
pixel-chess,psvitaalive-pixel-chess,ok,icon0.png;pixel-chess.vpk;shot_01.png;shot_02.png;SOURCES.txt,,https://archive.org/details/psvitaalive-pixel-chess
pkginstaller-launcher,psvitaalive-pkginstaller-launcher,ok,icon0.png;pkginstaller-launcher.vpk;shot_01.png;SOURCES.txt,,https://archive.org/details/psvitaalive-pkginstaller-launcher
pkgj,psvitaalive-pkgj,ok,icon0.png;pkgj.vpk;shot_01.png;SOURCES.txt,,https://archive.org/details/psvitaalive-pkgj
please-don-t-touch-anything,psvitaalive-please-don-t-touch-anything,ok,icon0.png;please-don-t-touch-anything.vpk;shot_01.png;shot_02.png;shot_03.png;shot_04.png;shot_05.png;SOURCES.txt,,https://archive.org/details/psvitaalive-please-don-t-touch-anything
plugins-manager,psvitaalive-plugins-manager,ok,icon0.png;plugins-manager.vpk;shot_01.png;shot_02.png;SOURCES.txt,,https://archive.org/details/psvitaalive-plugins-manager
plumbersdontwearties-sdl-vita,psvitaalive-plumbersdontwearties-sdl-vita,ok,icon0.png;plumbersdontwearties-sdl-vita.vpk;shot_01.png;shot_02.png;shot_03.png;shot_04.png;shot_05.png;SOURCES.txt,,https://archive.org/details/psvitaalive-plumbersdontwearties-sdl-vita
pnes,psvitaalive-pnes,ok,icon0.png;pnes.vpk;shot_01.png;shot_02.png;SOURCES.txt,,https://archive.org/details/psvitaalive-pnes
pnglive,psvitaalive-pnglive,ok,icon0.png;pnglive.vpk;shot_01.png;shot_02.png;shot_03.png;shot_04.png;SOURCES.txt,,https://archive.org/details/psvitaalive-pnglive
pocket-wonder-sport,psvitaalive-pocket-wonder-sport,ok,icon0.png;pocket-wonder-sport.vpk;shot_01.png;shot_02.png;shot_03.png;shot_04.png;shot_05.png;SOURCES.txt,,https://archive.org/details/psvitaalive-pocket-wonder-sport
pong,psvitaalive-pong,ok,icon0.png;pong.vpk;shot_01.png;shot_02.png;shot_03.png;shot_04.png;shot_05.png;SOURCES.txt,,https://archive.org/details/psvitaalive-pong
pony-island,psvitaalive-pony-island,ok,icon0.png;pony-island.vpk;shot_01.png;shot_02.png;shot_03.png;shot_04.png;shot_05.png;SOURCES.txt,,https://archive.org/details/psvitaalive-pony-island
poppy-kart-collection,psvitaalive-poppy-kart-collection,ok,icon0.png;poppy-kart-collection.vpk;shot_01.png;shot_02.png;shot_03.png;shot_04.png;shot_05.png;SOURCES.txt,,https://archive.org/details/psvitaalive-poppy-kart-collection
postal-vita,psvitaalive-postal-vita,ok,icon0.png;postal-vita.vpk;shot_01.png;shot_02.png;shot_03.png;shot_04.png;shot_05.png;SOURCES.txt,,https://archive.org/details/psvitaalive-postal-vita
potatoom-3,psvitaalive-potatoom-3,ok,icon0.png;potatoom-3.vpk;shot_01.png;shot_02.png;shot_03.png;shot_04.png;shot_05.png;SOURCES.txt,,https://archive.org/details/psvitaalive-potatoom-3
prboom-plus,psvitaalive-prboom-plus,ok,icon0.png;prboom-plus.vpk;shot_01.png;shot_02.png;SOURCES.txt,,https://archive.org/details/psvitaalive-prboom-plus
prehistorik-2,psvitaalive-prehistorik-2,ok,icon0.png;prehistorik-2.vpk;shot_01.png;shot_02.png;shot_03.png;shot_04.png;SOURCES.txt,,https://archive.org/details/psvitaalive-prehistorik-2
prince-of-persia,psvitaalive-prince-of-persia,ok,icon0.png;prince-of-persia.vpk;shot_01.png;shot_02.png;shot_03.png;SOURCES.txt,,https://archive.org/details/psvitaalive-prince-of-persia
prince-of-persia-2-vita,psvitaalive-prince-of-persia-2-vita,ok,icon0.png;prince-of-persia-2-vita.vpk;shot_01.png;shot_02.png;SOURCES.txt,,https://archive.org/details/psvitaalive-prince-of-persia-2-vita
pro-camera-vita,psvitaalive-pro-camera-vita,ok,icon0.png;pro-camera-vita.vpk;shot_01.png;shot_02.png;shot_03.png;shot_04.png;shot_05.png;SOURCES.txt,,https://archive.org/details/psvitaalive-pro-camera-vita
procedural-planets,psvitaalive-procedural-planets,ok,icon0.png;procedural-planets.vpk;shot_01.png;shot_02.png;SOURCES.txt,,https://archive.org/details/psvitaalive-procedural-planets
professor-layton-curious-village-hd-vita,psvitaalive-professor-layton-curious-village-hd-vita,ok,icon0.png;professor-layton-curious-village-hd-vita.vpk;shot_01.png;shot_02.png;shot_03.png;shot_04.png;shot_05.png;SOURCES.txt,,https://archive.org/details/psvitaalive-professor-layton-curious-village-hd-vita
professor-layton-lost-future-hd-vita,psvitaalive-professor-layton-lost-future-hd-vita,ok,icon0.png;professor-layton-lost-future-hd-vita.vpk;shot_01.png;shot_02.png;shot_03.png;shot_04.png;shot_05.png;SOURCES.txt,,https://archive.org/details/psvitaalive-professor-layton-lost-future-hd-vita
professor-layton-pandora-s-box-hd-vita,psvitaalive-professor-layton-pandora-s-box-hd-vita,ok,icon0.png;professor-layton-pandora-s-box-hd-vita.vpk;shot_01.png;shot_02.png;shot_03.png;shot_04.png;shot_05.png;SOURCES.txt,,https://archive.org/details/psvitaalive-professor-layton-pandora-s-box-hd-vita
project-void,psvitaalive-project-void,ok,icon0.png;project-void.vpk;shot_01.png;shot_02.png;shot_03.png;shot_04.png;shot_05.png;SOURCES.txt,,https://archive.org/details/psvitaalive-project-void
protect-the-earth,psvitaalive-protect-the-earth,ok,icon0.png;protect-the-earth.vpk;shot_01.png;shot_02.png;shot_03.png;shot_04.png;shot_05.png;SOURCES.txt,,https://archive.org/details/psvitaalive-protect-the-earth
prototype-vita,psvitaalive-prototype-vita,ok,icon0.png;prototype-vita.vpk;shot_01.png;shot_02.png;shot_03.png;shot_04.png;shot_05.png;SOURCES.txt,,https://archive.org/details/psvitaalive-prototype-vita
ps-scene-quiz,psvitaalive-ps-scene-quiz,ok,icon0.png;ps-scene-quiz.vpk;shot_01.png;shot_02.png;shot_03.png;shot_04.png;SOURCES.txt,,https://archive.org/details/psvitaalive-ps-scene-quiz
ps-vita-sync,psvitaalive-ps-vita-sync,ok,icon0.png;ps-vita-sync.vpk;shot_01.png;SOURCES.txt,,https://archive.org/details/psvitaalive-ps-vita-sync
ps4linkcontrols-gui,psvitaalive-ps4linkcontrols-gui,ok,icon0.png;ps4linkcontrols-gui.vpk;shot_01.png;shot_02.png;SOURCES.txt,,https://archive.org/details/psvitaalive-ps4linkcontrols-gui
psee-demo,psvitaalive-psee-demo,ok,icon0.png;psee-demo.vpk;shot_01.png;shot_02.png;shot_03.png;shot_04.png;shot_05.png;SOURCES.txt,,https://archive.org/details/psvitaalive-psee-demo
psm-manager,psvitaalive-psm-manager,ok,icon0.png;PSM_Manager.vpk;shot_01.png;SOURCES.txt,,https://archive.org/details/psvitaalive-psm-manager
psnes,psvitaalive-psnes,ok,icon0.png;psnes.vpk;shot_01.png;shot_02.png;SOURCES.txt,,https://archive.org/details/psvitaalive-psnes
psp-homebrew-browser,psvitaalive-psp-homebrew-browser,ok,icon0.png;psp-homebrew-browser.vpk;shot_01.png;shot_02.png;shot_03.png;shot_04.png;shot_05.png;SOURCES.txt,,https://archive.org/details/psvitaalive-psp-homebrew-browser
psp2-batteryfixer,psvitaalive-psp2-batteryfixer,ok,icon0.png;psp2-batteryfixer.vpk;shot_01.png;shot_02.png;SOURCES.txt,,https://archive.org/details/psvitaalive-psp2-batteryfixer
psv-cleaner,psvitaalive-psv-cleaner,ok,icon0.png;PSV_Cleaner.vpk;shot_01.png;SOURCES.txt,,https://archive.org/details/psvitaalive-psv-cleaner
psv-idps-dumper,psvitaalive-psv-idps-dumper,ok,icon0.png;PSV_IDPS_Dumper_v1.1.vpk;shot_01.png;SOURCES.txt,,https://archive.org/details/psvitaalive-psv-idps-dumper
psv-midi-player,psvitaalive-psv-midi-player,ok,icon0.png;psv-midi-player.vpk;shot_01.png;SOURCES.txt,,https://archive.org/details/psvitaalive-psv-midi-player
psvibe,psvitaalive-psvibe,ok,icon0.png;psvibe.vpk;shot_01.png;shot_02.png;SOURCES.txt,,https://archive.org/details/psvitaalive-psvibe
psvident,psvitaalive-psvident,ok,icon0.png;psvident.vpk;shot_01.png;shot_02.png;SOURCES.txt,,https://archive.org/details/psvitaalive-psvident
punch-club-vita,psvitaalive-punch-club-vita,ok,icon0.png;punch-club-vita.vpk;shot_01.png;shot_02.png;shot_03.png;shot_04.png;shot_05.png;SOURCES.txt,,https://archive.org/details/psvitaalive-punch-club-vita
pup-extractor,psvitaalive-pup-extractor,ok,icon0.png;pup-extractor.vpk;shot_01.png;SOURCES.txt,,https://archive.org/details/psvitaalive-pup-extractor
pureya-vita,psvitaalive-pureya-vita,ok,icon0.png;pureya-vita.vpk;shot_01.png;shot_02.png;shot_03.png;shot_04.png;shot_05.png;SOURCES.txt,,https://archive.org/details/psvitaalive-pureya-vita
purified,psvitaalive-purified,ok,icon0.png;purified.vpk;shot_01.png;shot_02.png;shot_03.png;shot_04.png;shot_05.png;SOURCES.txt,,https://archive.org/details/psvitaalive-purified
qr-scanner,psvitaalive-qr-scanner,ok,icon0.png;qr-scanner.vpk;shot_01.png;SOURCES.txt,,https://archive.org/details/psvitaalive-qr-scanner
qrdecoder,psvitaalive-qrdecoder,ok,icon0.png;qrdecoder.vpk;shot_01.png;SOURCES.txt,,https://archive.org/details/psvitaalive-qrdecoder
quake-1-model-viewer,psvitaalive-quake-1-model-viewer,ok,icon0.png;quake-1-model-viewer.vpk;shot_01.png;SOURCES.txt,,https://archive.org/details/psvitaalive-quake-1-model-viewer
quakespasm-spiked,psvitaalive-quakespasm-spiked,ok,icon0.png;quakespasm-spiked.vpk;shot_01.png;shot_02.png;shot_03.png;shot_04.png;shot_05.png;SOURCES.txt,,https://archive.org/details/psvitaalive-quakespasm-spiked
quantimmum-chess,psvitaalive-quantimmum-chess,ok,icon0.png;quantimmum-chess.vpk;shot_01.png;shot_02.png;shot_03.png;shot_04.png;shot_05.png;SOURCES.txt,,https://archive.org/details/psvitaalive-quantimmum-chess
quick-remounter,psvitaalive-quick-remounter,ok,icon0.png;quick-remounter.vpk;shot_01.png;shot_02.png;SOURCES.txt,,https://archive.org/details/psvitaalive-quick-remounter
quicklaunch-installer,psvitaalive-quicklaunch-installer,ok,icon0.png;quicklaunch-installer.vpk;shot_01.png;shot_02.png;shot_03.png;shot_04.png;shot_05.png;SOURCES.txt,,https://archive.org/details/psvitaalive-quicklaunch-installer
random-vita-game-launcher,psvitaalive-random-vita-game-launcher,ok,icon0.png;random-vita-game-launcher.vpk;shot_01.png;shot_02.png;SOURCES.txt,,https://archive.org/details/psvitaalive-random-vita-game-launcher
rct-classic-vita,psvitaalive-rct-classic-vita,ok,icon0.png;rct-classic-vita.vpk;shot_01.png;shot_02.png;shot_03.png;shot_04.png;shot_05.png;SOURCES.txt,,https://archive.org/details/psvitaalive-rct-classic-vita
reaction-station,psvitaalive-reaction-station,ok,icon0.png;reaction-station.vpk;shot_01.png;shot_02.png;shot_03.png;shot_04.png;SOURCES.txt,,https://archive.org/details/psvitaalive-reaction-station
real-time-racing-manager-vita,psvitaalive-real-time-racing-manager-vita,ok,icon0.png;real-time-racing-manager-vita.vpk;shot_01.png;shot_02.png;shot_03.png;shot_04.png;shot_05.png;SOURCES.txt,,https://archive.org/details/psvitaalive-real-time-racing-manager-vita
real-waiting-simulator,psvitaalive-real-waiting-simulator,ok,icon0.png;real-waiting-simulator.vpk;shot_01.png;shot_02.png;shot_03.png;shot_04.png;shot_05.png;SOURCES.txt,,https://archive.org/details/psvitaalive-real-waiting-simulator
realboy,psvitaalive-realboy,ok,icon0.png;realboy.vpk;shot_01.png;shot_02.png;SOURCES.txt,,https://archive.org/details/psvitaalive-realboy
realpackage-installer,psvitaalive-realpackage-installer,ok,icon0.png;real_package_installer.vpk;shot_01.png;SOURCES.txt,,https://archive.org/details/psvitaalive-realpackage-installer
reboot-shortcut,psvitaalive-reboot-shortcut,ok,icon0.png;reboot-shortcut.vpk;shot_01.png;SOURCES.txt,,https://archive.org/details/psvitaalive-reboot-shortcut
red-moon-of-april,psvitaalive-red-moon-of-april,ok,782-RedMoon.vpk;icon0.png;shot_01.png;shot_02.png;shot_03.png;shot_04.png;SOURCES.txt,,https://archive.org/details/psvitaalive-red-moon-of-april
red-moon-of-april-rnpy20221,psvitaalive-red-moon-of-april-rnpy20221,ok,icon0.png;red-moon-of-april-rnpy20221.vpk;shot_01.png;shot_02.png;shot_03.png;shot_04.png;SOURCES.txt,,https://archive.org/details/psvitaalive-red-moon-of-april-rnpy20221
red-runner,psvitaalive-red-runner,ok,icon0.png;red-runner.vpk;shot_01.png;SOURCES.txt,,https://archive.org/details/psvitaalive-red-runner
red-space-vita,psvitaalive-red-space-vita,ok,icon0.png;red-space-vita.vpk;shot_01.png;SOURCES.txt,,https://archive.org/details/psvitaalive-red-space-vita
redriver2,psvitaalive-redriver2,ok,icon0.png;redriver2.vpk;shot_01.png;shot_02.png;shot_03.png;shot_04.png;shot_05.png;SOURCES.txt,,https://archive.org/details/psvitaalive-redriver2
registry-profiler,psvitaalive-registry-profiler,ok,icon0.png;registry-profiler.vpk;shot_01.png;shot_02.png;shot_03.png;shot_04.png;shot_05.png;SOURCES.txt,,https://archive.org/details/psvitaalive-registry-profiler
registryeditor-mod,psvitaalive-registryeditor-mod,ok,icon0.png;registryeditor-mod.vpk;shot_01.png;SOURCES.txt,,https://archive.org/details/psvitaalive-registryeditor-mod
rejuvesnake,psvitaalive-rejuvesnake,ok,icon0.png;rejuvesnake.vpk;shot_01.png;shot_02.png;shot_03.png;shot_04.png;SOURCES.txt,,https://archive.org/details/psvitaalive-rejuvesnake
relic-looter-vita,psvitaalive-relic-looter-vita,ok,icon0.png;relic-looter-vita.vpk;shot_01.png;shot_02.png;shot_03.png;shot_04.png;shot_05.png;SOURCES.txt,,https://archive.org/details/psvitaalive-relic-looter-vita
relink,psvitaalive-relink,ok,icon0.png;relink.vpk;shot_01.png;SOURCES.txt,,https://archive.org/details/psvitaalive-relink
reminiscence-vita,psvitaalive-reminiscence-vita,ok,icon0.png;reminiscence-vita.vpk;shot_01.png;shot_02.png;shot_03.png;SOURCES.txt,,https://archive.org/details/psvitaalive-reminiscence-vita
repatch-manager,psvitaalive-repatch-manager,ok,icon0.png;repatch-manager.vpk;shot_01.png;shot_02.png;shot_03.png;shot_04.png;shot_05.png;SOURCES.txt,,https://archive.org/details/psvitaalive-repatch-manager
resident-evil-code-vita,psvitaalive-resident-evil-code-vita,ok,83-Resident_Evil_CODE_Vita.vpk;icon0.png;shot_01.png;SOURCES.txt,,https://archive.org/details/psvitaalive-resident-evil-code-vita
resident-evil-code-vita-mark00001,psvitaalive-resident-evil-code-vita-mark00001,ok,icon0.png;resident-evil-code-vita-mark00001.vpk;shot_01.png;shot_02.png;SOURCES.txt,,https://archive.org/details/psvitaalive-resident-evil-code-vita-mark00001
resolutiion-vita,psvitaalive-resolutiion-vita,ok,icon0.png;resolutiion-vita.vpk;shot_01.png;shot_02.png;shot_03.png;shot_04.png;shot_05.png;SOURCES.txt,,https://archive.org/details/psvitaalive-resolutiion-vita
resurgent,psvitaalive-resurgent,ok,icon0.png;resurgent.vpk;shot_01.png;SOURCES.txt,,https://archive.org/details/psvitaalive-resurgent
resurgent-resurgent,psvitaalive-resurgent-resurgent,ok,icon0.png;resurgent-resurgent.vpk;shot_01.png;shot_02.png;shot_03.png;shot_04.png;shot_05.png;SOURCES.txt,,https://archive.org/details/psvitaalive-resurgent-resurgent
pekka-kana-2-vita,psvitaalive-pekka-kana-2-vita,error,icon0.png;pekka-kana-2-vita.vpk;shot_01.png;shot_02.png;shot_03.png;shot_04.png;shot_05.png;SOURCES.txt,"HTTPError:  error uploading shot_01.png to psvitaalive-pekka-kana-2-vita, Uploaded content is unacceptable. - image file has non-image contents: application/octet-stream, try one of these extensions: .bin .a .dll .exe .o .obj .so .deploy .msu .msp",
retroarch,psvitaalive-retroarch,ok,icon0.png;retroarch.vpk;shot_01.png;shot_02.png;SOURCES.txt,,https://archive.org/details/psvitaalive-retroarch
pekka-kana-2-vita,psvitaalive-pekka-kana-2-vita,error,icon0.png;pekka-kana-2-vita.vpk;shot_01.png;shot_02.png;shot_03.png;shot_04.png;shot_05.png;SOURCES.txt,"HTTPError:  error uploading shot_01.png to psvitaalive-pekka-kana-2-vita, Uploaded content is unacceptable. - image file has non-image contents: application/octet-stream, try one of these extensions: .bin .a .dll .exe .o .obj .so .deploy .msu .msp",
retroarch-bubble-builder,psvitaalive-retroarch-bubble-builder,ok,icon0.png;retroarch-bubble-builder.vpk;shot_01.png;shot_02.png;shot_03.png;shot_04.png;shot_05.png;SOURCES.txt,,https://archive.org/details/psvitaalive-retroarch-bubble-builder
retroflow-launcher,psvitaalive-retroflow-launcher,ok,icon0.png;retroflow-launcher.vpk;shot_01.png;shot_02.png;shot_03.png;shot_04.png;shot_05.png;SOURCES.txt,,https://archive.org/details/psvitaalive-retroflow-launcher
retrolivearea,psvitaalive-retrolivearea,ok,icon0.png;retrolivearea.vpk;shot_01.png;shot_02.png;SOURCES.txt,,https://archive.org/details/psvitaalive-retrolivearea
reversme,psvitaalive-reversme,ok,icon0.png;reversme.vpk;shot_01.png;shot_02.png;shot_03.png;SOURCES.txt,,https://archive.org/details/psvitaalive-reversme
rigelengine-vita,psvitaalive-rigelengine-vita,ok,icon0.png;rigelengine-vita.vpk;shot_01.png;shot_02.png;shot_03.png;shot_04.png;shot_05.png;SOURCES.txt,,https://archive.org/details/psvitaalive-rigelengine-vita
rincheat-se,psvitaalive-rincheat-se,ok,icon0.png;rincheat-se.vpk;shot_01.png;shot_02.png;shot_03.png;shot_04.png;SOURCES.txt,,https://archive.org/details/psvitaalive-rincheat-se
river-raid,psvitaalive-river-raid,ok,icon0.png;river-raid.vpk;shot_01.png;shot_02.png;SOURCES.txt,,https://archive.org/details/psvitaalive-river-raid
road-of-mailhem,psvitaalive-road-of-mailhem,ok,icon0.png;road-of-mailhem.vpk;shot_01.png;shot_02.png;shot_03.png;shot_04.png;shot_05.png;SOURCES.txt,,https://archive.org/details/psvitaalive-road-of-mailhem
rock-recker,psvitaalive-rock-recker,ok,icon0.png;rock-recker.vpk;shot_01.png;shot_02.png;shot_03.png;shot_04.png;shot_05.png;SOURCES.txt,,https://archive.org/details/psvitaalive-rock-recker
rocket-cars-vita,psvitaalive-rocket-cars-vita,ok,icon0.png;rocket-cars-vita.vpk;shot_01.png;shot_02.png;shot_03.png;shot_04.png;shot_05.png;SOURCES.txt,,https://archive.org/details/psvitaalive-rocket-cars-vita
rocksndiamonds,psvitaalive-rocksndiamonds,ok,icon0.png;rocksndiamonds_vita_1.12.vpk;shot_01.png;shot_02.png;shot_03.png;shot_04.png;shot_05.png;SOURCES.txt,,https://archive.org/details/psvitaalive-rocksndiamonds
rocky-castle-2-vita,psvitaalive-rocky-castle-2-vita,ok,icon0.png;rocky-castle-2-vita.vpk;shot_01.png;shot_02.png;shot_03.png;shot_04.png;shot_05.png;SOURCES.txt,,https://archive.org/details/psvitaalive-rocky-castle-2-vita
rocky-castle-vita,psvitaalive-rocky-castle-vita,ok,icon0.png;rocky-castle-vita.vpk;shot_01.png;shot_02.png;shot_03.png;shot_04.png;shot_05.png;SOURCES.txt,,https://archive.org/details/psvitaalive-rocky-castle-vita
roguelight,psvitaalive-roguelight,ok,icon0.png;roguelight.vpk;shot_01.png;shot_02.png;shot_03.png;shot_04.png;shot_05.png;SOURCES.txt,,https://archive.org/details/psvitaalive-roguelight
rolling-down-vita,psvitaalive-rolling-down-vita,ok,icon0.png;rolling-down-vita.vpk;shot_01.png;shot_02.png;shot_03.png;shot_04.png;shot_05.png;SOURCES.txt,,https://archive.org/details/psvitaalive-rolling-down-vita
rollypoly,psvitaalive-rollypoly,ok,icon0.png;rollypoly.vpk;shot_01.png;shot_02.png;shot_03.png;shot_04.png;shot_05.png;SOURCES.txt,,https://archive.org/details/psvitaalive-rollypoly
rottexpr-vita,psvitaalive-rottexpr-vita,ok,icon0.png;rottexpr-vita.vpk;shot_01.png;shot_02.png;shot_03.png;shot_04.png;shot_05.png;SOURCES.txt,,https://archive.org/details/psvitaalive-rottexpr-vita
roulette-strategy-simulator-vita,psvitaalive-roulette-strategy-simulator-vita,ok,icon0.png;roulette-strategy-simulator-vita.vpk;shot_01.png;shot_02.png;shot_03.png;shot_04.png;shot_05.png;SOURCES.txt,,https://archive.org/details/psvitaalive-roulette-strategy-simulator-vita
rpphs,psvitaalive-rpphs,ok,icon0.png;rpphs.vpk;shot_01.png;shot_02.png;shot_03.png;shot_04.png;shot_05.png;SOURCES.txt,,https://archive.org/details/psvitaalive-rpphs
rtdink,psvitaalive-rtdink,ok,icon0.png;rtdink.vpk;shot_01.png;SOURCES.txt,,https://archive.org/details/psvitaalive-rtdink
rubik-s-cube-solver,psvitaalive-rubik-s-cube-solver,ok,icon0.png;rubik-s-cube-solver.vpk;shot_01.png;SOURCES.txt,,https://archive.org/details/psvitaalive-rubik-s-cube-solver
rukavychka,psvitaalive-rukavychka,ok,icon0.png;rukavychka.vpk;shot_01.png;shot_02.png;shot_03.png;shot_04.png;SOURCES.txt,,https://archive.org/details/psvitaalive-rukavychka
runfromreality,psvitaalive-runfromreality,ok,icon0.png;runfromreality.vpk;shot_01.png;shot_02.png;SOURCES.txt,,https://archive.org/details/psvitaalive-runfromreality
rvgl,psvitaalive-rvgl,ok,icon0.png;rvgl.vpk;shot_01.png;shot_02.png;shot_03.png;shot_04.png;shot_05.png;SOURCES.txt,,https://archive.org/details/psvitaalive-rvgl
rvgl-loader,psvitaalive-rvgl-loader,ok,icon0.png;rvgl-loader.vpk;shot_01.png;shot_02.png;shot_03.png;shot_04.png;shot_05.png;SOURCES.txt,,https://archive.org/details/psvitaalive-rvgl-loader
sakura-pass,psvitaalive-sakura-pass,ok,icon0.png;SakuraPass.VPK;shot_01.png;shot_02.png;shot_03.png;shot_04.png;shot_05.png;SOURCES.txt,,https://archive.org/details/psvitaalive-sakura-pass
sakura-succubus-ii-vita,psvitaalive-sakura-succubus-ii-vita,ok,icon0.png;sakura-succubus-ii-vita.vpk;shot_01.png;SOURCES.txt,,https://archive.org/details/psvitaalive-sakura-succubus-ii-vita
sakura-succubus-iii-vita,psvitaalive-sakura-succubus-iii-vita,ok,icon0.png;sakura-succubus-iii-vita.vpk;shot_01.png;SOURCES.txt,,https://archive.org/details/psvitaalive-sakura-succubus-iii-vita
sakura-succubus-iv-vita,psvitaalive-sakura-succubus-iv-vita,ok,icon0.png;sakura-succubus-iv-vita.vpk;shot_01.png;SOURCES.txt,,https://archive.org/details/psvitaalive-sakura-succubus-iv-vita
sakura-succubus-vita,psvitaalive-sakura-succubus-vita,ok,icon0.png;sakura-succubus-vita.vpk;shot_01.png;SOURCES.txt,,https://archive.org/details/psvitaalive-sakura-succubus-vita
sanicball-psvita,psvitaalive-sanicball-psvita,ok,icon0.png;sanicball-psvita.vpk;shot_01.png;shot_02.png;shot_03.png;shot_04.png;shot_05.png;SOURCES.txt,,https://archive.org/details/psvitaalive-sanicball-psvita
save-cloud-vita,psvitaalive-save-cloud-vita,ok,icon0.png;save-cloud-vita.vpk;shot_01.png;SOURCES.txt,,https://archive.org/details/psvitaalive-save-cloud-vita
save-keeper,psvitaalive-save-keeper,ok,icon0.png;save-keeper.vpk;shot_01.png;shot_02.png;SOURCES.txt,,https://archive.org/details/psvitaalive-save-keeper
save-sync,psvitaalive-save-sync,ok,icon0.png;shot_01.png;shot_02.png;shot_03.png;shot_04.png;SOURCES.txt;vita-save-cloud.vpk,,https://archive.org/details/psvitaalive-save-sync
save-the-bees,psvitaalive-save-the-bees,ok,icon0.png;save-the-bees.vpk;shot_01.png;shot_02.png;shot_03.png;shot_04.png;SOURCES.txt,,https://archive.org/details/psvitaalive-save-the-bees
save-the-scene,psvitaalive-save-the-scene,ok,icon0.png;save-the-scene.vpk;shot_01.png;shot_02.png;SOURCES.txt,,https://archive.org/details/psvitaalive-save-the-scene
scratch-everywhere,psvitaalive-scratch-everywhere,ok,icon0.png;scratch-everywhere.vpk;shot_01.png;shot_02.png;shot_03.png;shot_04.png;shot_05.png;SOURCES.txt,,https://archive.org/details/psvitaalive-scratch-everywhere
sculptor-vita,psvitaalive-sculptor-vita,ok,icon0.png;sculptor-vita.vpk;shot_01.png;SOURCES.txt,,https://archive.org/details/psvitaalive-sculptor-vita
scummvm,psvitaalive-scummvm,ok,icon0.png;scummvm.vpk;shot_01.png;shot_02.png;shot_03.png;shot_04.png;shot_05.png;SOURCES.txt,,https://archive.org/details/psvitaalive-scummvm
sdl-prince-of-persia-vita,psvitaalive-sdl-prince-of-persia-vita,ok,icon0.png;sdl-prince-of-persia-vita.vpk;shot_01.png;shot_02.png;shot_03.png;SOURCES.txt,,https://archive.org/details/psvitaalive-sdl-prince-of-persia-vita
sdl-sopwith-vita,psvitaalive-sdl-sopwith-vita,ok,icon0.png;sdl-sopwith-vita.vpk;shot_01.png;shot_02.png;shot_03.png;shot_04.png;shot_05.png;SOURCES.txt,,https://archive.org/details/psvitaalive-sdl-sopwith-vita
sdl2sand,psvitaalive-sdl2sand,ok,icon0.png;sdl2sand.vpk;shot_01.png;shot_02.png;shot_03.png;shot_04.png;SOURCES.txt,,https://archive.org/details/psvitaalive-sdl2sand
sdllopan,psvitaalive-sdllopan,ok,icon0.png;sdllopan.vpk;shot_01.png;shot_02.png;SOURCES.txt,,https://archive.org/details/psvitaalive-sdllopan
sdlpal,psvitaalive-sdlpal,ok,icon0.png;sdlpal.vpk;shot_01.png;shot_02.png;shot_03.png;shot_04.png;shot_05.png;SOURCES.txt,,https://archive.org/details/psvitaalive-sdlpal
serious-sam-tfe-vita,psvitaalive-serious-sam-tfe-vita,ok,icon0.png;serious-sam-tfe-vita.vpk;shot_01.png;shot_02.png;shot_03.png;shot_04.png;shot_05.png;SOURCES.txt,,https://archive.org/details/psvitaalive-serious-sam-tfe-vita
serious-sam-tse-vita,psvitaalive-serious-sam-tse-vita,ok,icon0.png;serious-sam-tse-vita.vpk;shot_01.png;shot_02.png;shot_03.png;shot_04.png;shot_05.png;SOURCES.txt,,https://archive.org/details/psvitaalive-serious-sam-tse-vita
server-room-simulator,psvitaalive-server-room-simulator,ok,icon0.png;server_room_simulator.vpk;shot_01.png;SOURCES.txt,,https://archive.org/details/psvitaalive-server-room-simulator
sf1mr-vita,psvitaalive-sf1mr-vita,ok,icon0.png;sf1mr-vita.vpk;shot_01.png;shot_02.png;shot_03.png;shot_04.png;shot_05.png;SOURCES.txt,,https://archive.org/details/psvitaalive-sf1mr-vita
shark-shark,psvitaalive-shark-shark,ok,icon0.png;shark-shark.vpk;shot_01.png;shot_02.png;SOURCES.txt,,https://archive.org/details/psvitaalive-shark-shark
sharkbr33d,psvitaalive-sharkbr33d,ok,icon0.png;sharkbr33d.vpk;shot_01.png;SOURCES.txt,,https://archive.org/details/psvitaalive-sharkbr33d
sharkf00d,psvitaalive-sharkf00d,ok,icon0.png;sharkf00d.vpk;shot_01.png;SOURCES.txt,,https://archive.org/details/psvitaalive-sharkf00d
ship-of-harkinian-vita,psvitaalive-ship-of-harkinian-vita,ok,icon0.png;ship-of-harkinian-vita.vpk;shot_01.png;shot_02.png;shot_03.png;shot_04.png;shot_05.png;SOURCES.txt,,https://archive.org/details/psvitaalive-ship-of-harkinian-vita
shiromino,psvitaalive-shiromino,ok,icon0.png;shiromino.vpk;shot_01.png;shot_02.png;shot_03.png;shot_04.png;SOURCES.txt,,https://archive.org/details/psvitaalive-shiromino
shutdown-shortcut,psvitaalive-shutdown-shortcut,ok,icon0.png;shot_01.png;shutdown-shortcut.vpk;SOURCES.txt,,https://archive.org/details/psvitaalive-shutdown-shortcut
silly-tower,psvitaalive-silly-tower,ok,icon0.png;shot_01.png;shot_02.png;shot_03.png;shot_04.png;shot_05.png;silly-tower.vpk;SOURCES.txt,,https://archive.org/details/psvitaalive-silly-tower
simple-account-switcher,psvitaalive-simple-account-switcher,ok,icon0.png;shot_01.png;SimpleAccountSwitcher.vpk;SOURCES.txt,,https://archive.org/details/psvitaalive-simple-account-switcher
simple-fps-platformer,psvitaalive-simple-fps-platformer,ok,icon0.png;shot_01.png;shot_02.png;shot_03.png;shot_04.png;shot_05.png;simple-fps-platformer.vpk;SOURCES.txt,,https://archive.org/details/psvitaalive-simple-fps-platformer
simple-text-editor,psvitaalive-simple-text-editor,ok,icon0.png;shot_01.png;shot_02.png;shot_03.png;shot_04.png;simple-text-editor.vpk;SOURCES.txt,,https://archive.org/details/psvitaalive-simple-text-editor
siren-head-dating-sim,psvitaalive-siren-head-dating-sim,ok,icon0.png;shot_01.png;shot_02.png;shot_03.png;shot_04.png;shot_05.png;siren-head-dating-sim.vpk;SOURCES.txt,,https://archive.org/details/psvitaalive-siren-head-dating-sim
skyrift,psvitaalive-skyrift,ok,icon0.png;shot_01.png;shot_02.png;skyrift.vpk;SOURCES.txt,,https://archive.org/details/psvitaalive-skyrift
sleepwalker-s-journey-vita,psvitaalive-sleepwalker-s-journey-vita,ok,icon0.png;shot_01.png;shot_02.png;shot_03.png;shot_04.png;shot_05.png;sleepwalker-s-journey-vita.vpk;SOURCES.txt,,https://archive.org/details/psvitaalive-sleepwalker-s-journey-vita
slender---the-eight-pages,psvitaalive-slender---the-eight-pages,ok,icon0.png;shot_01.png;shot_02.png;shot_03.png;shot_04.png;shot_05.png;slender---the-eight-pages.vpk;SOURCES.txt,,https://archive.org/details/psvitaalive-slender---the-eight-pages
slenderman-returns,psvitaalive-slenderman-returns,ok,icon0.png;shot_01.png;shot_02.png;shot_03.png;shot_04.png;slenderman-returns.vpk;SOURCES.txt,,https://archive.org/details/psvitaalive-slenderman-returns
slendrina-2d,psvitaalive-slendrina-2d,ok,icon0.png;shot_01.png;shot_02.png;shot_03.png;shot_04.png;shot_05.png;slendrina-2d.vpk;SOURCES.txt,,https://archive.org/details/psvitaalive-slendrina-2d
slendrina-free,psvitaalive-slendrina-free,ok,icon0.png;shot_01.png;shot_02.png;shot_03.png;shot_04.png;slendrina-free.vpk;SOURCES.txt,,https://archive.org/details/psvitaalive-slendrina-free
slendrina-the-cellar,psvitaalive-slendrina-the-cellar,ok,icon0.png;shot_01.png;shot_02.png;shot_03.png;shot_04.png;shot_05.png;slendrina-the-cellar.vpk;SOURCES.txt,,https://archive.org/details/psvitaalive-slendrina-the-cellar
slime-vball,psvitaalive-slime-vball,ok,icon0.png;shot_01.png;shot_02.png;shot_03.png;shot_04.png;shot_05.png;slime-vball.vpk;SOURCES.txt,,https://archive.org/details/psvitaalive-slime-vball
slither-io-vita,psvitaalive-slither-io-vita,ok,icon0.png;shot_01.png;shot_02.png;shot_03.png;shot_04.png;shot_05.png;slither-io-vita.vpk;SOURCES.txt,,https://archive.org/details/psvitaalive-slither-io-vita
smash-rush-vita,psvitaalive-smash-rush-vita,ok,icon0.png;shot_01.png;shot_02.png;shot_03.png;shot_04.png;shot_05.png;smash-rush-vita.vpk;SOURCES.txt,,https://archive.org/details/psvitaalive-smash-rush-vita
smash-tv-hd-2d,psvitaalive-smash-tv-hd-2d,ok,icon0.png;shot_01.png;shot_02.png;shot_03.png;shot_04.png;shot_05.png;smash-tv-hd-2d.vpk;SOURCES.txt,,https://archive.org/details/psvitaalive-smash-tv-hd-2d
smb2se-vita,psvitaalive-smb2se-vita,ok,icon0.png;shot_01.png;shot_02.png;shot_03.png;shot_04.png;shot_05.png;smb2se.vpk;SOURCES.txt,,https://archive.org/details/psvitaalive-smb2se-vita
smsplusvita,psvitaalive-smsplusvita,ok,icon0.png;shot_01.png;shot_02.png;shot_03.png;shot_04.png;shot_05.png;smsplusvita.vpk;SOURCES.txt,,https://archive.org/details/psvitaalive-smsplusvita
snake-snako0002,psvitaalive-snake-snako0002,ok,icon0.png;shot_01.png;snake-snako0002.vpk;SOURCES.txt,,https://archive.org/details/psvitaalive-snake-snako0002
snes9xvita,psvitaalive-snes9xvita,ok,icon0.png;shot_01.png;shot_02.png;shot_03.png;shot_04.png;shot_05.png;snes9xvita.vpk;SOURCES.txt,,https://archive.org/details/psvitaalive-snes9xvita
snowball-fight,psvitaalive-snowball-fight,ok,icon0.png;shot_01.png;shot_02.png;shot_03.png;shot_04.png;shot_05.png;snowball-fight.vpk;SOURCES.txt,,https://archive.org/details/psvitaalive-snowball-fight
soda-dungeon-vita,psvitaalive-soda-dungeon-vita,ok,icon0.png;shot_01.png;soda-dungeon-vita.vpk;SOURCES.txt,,https://archive.org/details/psvitaalive-soda-dungeon-vita
solstice,psvitaalive-solstice,ok,icon0.png;shot_01.png;shot_02.png;shot_03.png;shot_04.png;solstice.vpk;SOURCES.txt,,https://archive.org/details/psvitaalive-solstice
sonic-1,psvitaalive-sonic-1,ok,icon0.png;shot_01.png;shot_02.png;shot_03.png;shot_04.png;shot_05.png;sonic-1.vpk;SOURCES.txt,,https://archive.org/details/psvitaalive-sonic-1
sonic-1-sms-remake,psvitaalive-sonic-1-sms-remake,ok,icon0.png;shot_01.png;shot_02.png;shot_03.png;shot_04.png;SOSR00001.VPK;SOURCES.txt,,https://archive.org/details/psvitaalive-sonic-1-sms-remake
sonic-1-sms-remake-s1smsr001,psvitaalive-sonic-1-sms-remake-s1smsr001,ok,icon0.png;shot_01.png;shot_02.png;shot_03.png;shot_04.png;shot_05.png;sonic-1-sms-remake-s1smsr001.vpk;SOURCES.txt,,https://archive.org/details/psvitaalive-sonic-1-sms-remake-s1smsr001
sonic-1-vita,psvitaalive-sonic-1-vita,ok,icon0.png;shot_01.png;shot_02.png;shot_03.png;shot_04.png;shot_05.png;sonic-1-vita.vpk;SOURCES.txt,,https://archive.org/details/psvitaalive-sonic-1-vita
sonic-2,psvitaalive-sonic-2,ok,icon0.png;shot_01.png;shot_02.png;shot_03.png;shot_04.png;shot_05.png;sonic-2.vpk;SOURCES.txt,,https://archive.org/details/psvitaalive-sonic-2
sonic-2-sms-remake,psvitaalive-sonic-2-sms-remake,ok,icon0.png;shot_01.png;shot_02.png;shot_03.png;shot_04.png;SOSR00002.VPK;SOURCES.txt,,https://archive.org/details/psvitaalive-sonic-2-sms-remake
sonic-2-sms-remake-s2smsr001,psvitaalive-sonic-2-sms-remake-s2smsr001,ok,icon0.png;shot_01.png;shot_02.png;shot_03.png;shot_04.png;shot_05.png;sonic-2-sms-remake-s2smsr001.vpk;SOURCES.txt,,https://archive.org/details/psvitaalive-sonic-2-sms-remake-s2smsr001
sonic-2-vita,psvitaalive-sonic-2-vita,ok,icon0.png;shot_01.png;shot_02.png;shot_03.png;shot_04.png;shot_05.png;sonic-2-vita.vpk;SOURCES.txt,,https://archive.org/details/psvitaalive-sonic-2-vita
sonic-3-a-i-r,psvitaalive-sonic-3-a-i-r,ok,icon0.png;shot_01.png;shot_02.png;shot_03.png;shot_04.png;shot_05.png;sonic-3-a-i-r.vpk;SOURCES.txt,,https://archive.org/details/psvitaalive-sonic-3-a-i-r
sonic-cd,psvitaalive-sonic-cd,ok,icon0.png;shot_01.png;shot_02.png;shot_03.png;shot_04.png;shot_05.png;sonic-cd.vpk;SOURCES.txt,,https://archive.org/details/psvitaalive-sonic-cd
sonic-cd-vita,psvitaalive-sonic-cd-vita,ok,icon0.png;shot_01.png;shot_02.png;shot_03.png;shot_04.png;shot_05.png;sonic-cd-vita.vpk;SOURCES.txt,,https://archive.org/details/psvitaalive-sonic-cd-vita
sonic-mania-vita,psvitaalive-sonic-mania-vita,ok,icon0.png;shot_01.png;shot_02.png;shot_03.png;shot_04.png;shot_05.png;sonic-mania-vita.vpk;SOURCES.txt,,https://archive.org/details/psvitaalive-sonic-mania-vita
sonic-sms-3-timelines,psvitaalive-sonic-sms-3-timelines,ok,icon0.png;shot_01.png;shot_02.png;shot_03.png;shot_04.png;shot_05.png;sonic-sms-3-timelines.vpk;SOURCES.txt,,https://archive.org/details/psvitaalive-sonic-sms-3-timelines
sonic-the-hedgehog-run,psvitaalive-sonic-the-hedgehog-run,ok,icon0.png;shot_01.png;shot_02.png;shot_03.png;shot_04.png;sonic-the-hedgehog-run.vpk;SOURCES.txt,,https://archive.org/details/psvitaalive-sonic-the-hedgehog-run
sonic-time-twisted,psvitaalive-sonic-time-twisted,ok,icon0.png;shot_01.png;shot_02.png;shot_03.png;shot_04.png;shot_05.png;sonic-time-twisted.vpk;SOURCES.txt,,https://archive.org/details/psvitaalive-sonic-time-twisted
sonic-unleashed,psvitaalive-sonic-unleashed,ok,icon0.png;shot_01.png;shot_02.png;shot_03.png;shot_04.png;shot_05.png;sonic-unleashed.vpk;SOURCES.txt,,https://archive.org/details/psvitaalive-sonic-unleashed
sonic-vita,psvitaalive-sonic-vita,ok,icon0.png;shot_01.png;shot_02.png;shot_03.png;shot_04.png;shot_05.png;sonic-vita.vpk;SOURCES.txt,,https://archive.org/details/psvitaalive-sonic-vita
sonic-vitality,psvitaalive-sonic-vitality,ok,icon0.png;shot_01.png;sonic-vitality.vpk;SOURCES.txt,,https://archive.org/details/psvitaalive-sonic-vitality
sorcerer-s-job-vita,psvitaalive-sorcerer-s-job-vita,ok,icon0.png;shot_01.png;sorcerer-s-job-vita.vpk;SOURCES.txt,,https://archive.org/details/psvitaalive-sorcerer-s-job-vita
sort-the-court-vita,psvitaalive-sort-the-court-vita,ok,icon0.png;shot_01.png;sort-the-court-vita.vpk;SOURCES.txt,,https://archive.org/details/psvitaalive-sort-the-court-vita
soulcalibur-vita,psvitaalive-soulcalibur-vita,ok,icon0.png;shot_01.png;shot_02.png;shot_03.png;shot_04.png;shot_05.png;soulcalibur-vita.vpk;SOURCES.txt,,https://archive.org/details/psvitaalive-soulcalibur-vita
space-cadet-pinball-vita,psvitaalive-space-cadet-pinball-vita,ok,icon0.png;shot_01.png;shot_02.png;shot_03.png;shot_04.png;SOURCES.txt;space-cadet-pinball-vita.vpk,,https://archive.org/details/psvitaalive-space-cadet-pinball-vita
spaghetti-kart-vita,psvitaalive-spaghetti-kart-vita,ok,icon0.png;shot_01.png;shot_02.png;shot_03.png;shot_04.png;shot_05.png;SOURCES.txt;spaghetti-kart-vita.vpk,,https://archive.org/details/psvitaalive-spaghetti-kart-vita
speedrun-vita,psvitaalive-speedrun-vita,ok,icon0.png;shot_01.png;shot_02.png;shot_03.png;shot_04.png;shot_05.png;SOURCES.txt;speedrun-vita.vpk,,https://archive.org/details/psvitaalive-speedrun-vita
spelunky-classic-hd-vita,psvitaalive-spelunky-classic-hd-vita,ok,icon0.png;shot_01.png;shot_02.png;shot_03.png;shot_04.png;shot_05.png;SOURCES.txt;spelunky-classic-hd-vita.vpk,,https://archive.org/details/psvitaalive-spelunky-classic-hd-vita
spidervita,psvitaalive-spidervita,ok,icon0.png;shot_01.png;shot_02.png;shot_03.png;SOURCES.txt;spidervita.vpk,,https://archive.org/details/psvitaalive-spidervita
sqrxz-3,psvitaalive-sqrxz-3,ok,icon0.png;shot_01.png;SOURCES.txt;sqrxz-3.vpk,,https://archive.org/details/psvitaalive-sqrxz-3
sqrxz-4,psvitaalive-sqrxz-4,ok,icon0.png;shot_01.png;SOURCES.txt;sqrxz-4.vpk,,https://archive.org/details/psvitaalive-sqrxz-4
squid-game,psvitaalive-squid-game,ok,icon0.png;shot_01.png;shot_02.png;shot_03.png;shot_04.png;shot_05.png;SOURCES.txt;squid-game.vpk,,https://archive.org/details/psvitaalive-squid-game
stacker-for-vita,psvitaalive-stacker-for-vita,ok,icon0.png;shot_01.png;SOURCES.txt;stacker-for-vita.vpk,,https://archive.org/details/psvitaalive-stacker-for-vita
star-warfare-alien-invasion,psvitaalive-star-warfare-alien-invasion,ok,icon0.png;shot_01.png;shot_02.png;shot_03.png;shot_04.png;shot_05.png;SOURCES.txt;star-warfare-alien-invasion.vpk,,https://archive.org/details/psvitaalive-star-warfare-alien-invasion
starcatcher,psvitaalive-starcatcher,ok,icon0.png;shot_01.png;shot_02.png;shot_03.png;shot_04.png;shot_05.png;SOURCES.txt;starcatcher.vpk,,https://archive.org/details/psvitaalive-starcatcher
starfield-vita,psvitaalive-starfield-vita,ok,icon0.png;shot_01.png;shot_02.png;SOURCES.txt;starfield-vita.vpk,,https://archive.org/details/psvitaalive-starfield-vita
starkiller-2d,psvitaalive-starkiller-2d,ok,icon0.png;shot_01.png;shot_02.png;shot_03.png;shot_04.png;SOURCES.txt;starkiller-2d.vpk,,https://archive.org/details/psvitaalive-starkiller-2d
starship-vita,psvitaalive-starship-vita,ok,icon0.png;shot_01.png;shot_02.png;shot_03.png;shot_04.png;shot_05.png;SOURCES.txt;starship-vita.vpk,,https://archive.org/details/psvitaalive-starship-vita
stemloader,psvitaalive-stemloader,ok,icon0.png;shot_01.png;shot_02.png;shot_03.png;shot_04.png;shot_05.png;SOURCES.txt;stemloader.vpk,,https://archive.org/details/psvitaalive-stemloader
stock-app-remover,psvitaalive-stock-app-remover,ok,icon0.png;shot_01.png;shot_02.png;SOURCES.txt;stock-app-remover.vpk,,https://archive.org/details/psvitaalive-stock-app-remover
stratagemherovita,psvitaalive-stratagemherovita,ok,icon0.png;shot_01.png;shot_02.png;shot_03.png;shot_04.png;SOURCES.txt;stratagemherovita.vpk,,https://archive.org/details/psvitaalive-stratagemherovita
sudokul,psvitaalive-sudokul,ok,icon0.png;shot_01.png;shot_02.png;SOURCES.txt;sudokul.vpk,,https://archive.org/details/psvitaalive-sudokul
sunshine-cat,psvitaalive-sunshine-cat,ok,icon0.png;shot_01.png;SOURCES.txt;sunshine-cat.vpk,,https://archive.org/details/psvitaalive-sunshine-cat
super-console-wars,psvitaalive-super-console-wars,ok,icon0.png;shot_01.png;SOURCES.txt;super-console-wars.vpk,,https://archive.org/details/psvitaalive-super-console-wars
super-crate-mod,psvitaalive-super-crate-mod,ok,icon0.png;shot_01.png;shot_02.png;SOURCES.txt;super-crate-mod.vpk,,https://archive.org/details/psvitaalive-super-crate-mod
super-drone-racer-ultra,psvitaalive-super-drone-racer-ultra,ok,icon0.png;shot_01.png;shot_02.png;shot_03.png;shot_04.png;shot_05.png;SOURCES.txt;super-drone-racer-ultra.vpk,,https://archive.org/details/psvitaalive-super-drone-racer-ultra
super-dungeon-delta,psvitaalive-super-dungeon-delta,ok,icon0.png;shot_01.png;SOURCES.txt;super-dungeon-delta.vpk,,https://archive.org/details/psvitaalive-super-dungeon-delta
super-hero-chronicles,psvitaalive-super-hero-chronicles,ok,icon0.png;shot_01.png;shot_02.png;shot_03.png;shot_04.png;shot_05.png;SOURCES.txt;super-hero-chronicles.vpk,,https://archive.org/details/psvitaalive-super-hero-chronicles
super-hexagon-vita,psvitaalive-super-hexagon-vita,ok,icon0.png;shot_01.png;SOURCES.txt;super-hexagon-vita.vpk,,https://archive.org/details/psvitaalive-super-hexagon-vita
super-mario-all-stars-vita,psvitaalive-super-mario-all-stars-vita,ok,1280-allstars.vpk;icon0.png;shot_01.png;shot_02.png;shot_03.png;shot_04.png;SOURCES.txt,,https://archive.org/details/psvitaalive-super-mario-all-stars-vita
super-mario-all-stars-vita-allstars1,psvitaalive-super-mario-all-stars-vita-allstars1,ok,icon0.png;shot_01.png;shot_02.png;shot_03.png;shot_04.png;SOURCES.txt;super-mario-all-stars-vita-allstars1.vpk,,https://archive.org/details/psvitaalive-super-mario-all-stars-vita-allstars1
super-mario-boom,psvitaalive-super-mario-boom,ok,icon0.png;shot_01.png;shot_02.png;shot_03.png;shot_04.png;shot_05.png;SOURCES.txt;super-mario-boom.vpk,,https://archive.org/details/psvitaalive-super-mario-boom
super-mario-unimaker,psvitaalive-super-mario-unimaker,ok,icon0.png;shot_01.png;shot_02.png;shot_03.png;shot_04.png;shot_05.png;SOURCES.txt;super-mario-unimaker.vpk,,https://archive.org/details/psvitaalive-super-mario-unimaker
super-mario-world-vita,psvitaalive-super-mario-world-vita,ok,icon0.png;shot_01.png;shot_02.png;shot_03.png;shot_04.png;shot_05.png;SOURCES.txt;super-mario-world-vita.vpk,,https://archive.org/details/psvitaalive-super-mario-world-vita
super-mega-runners-vita,psvitaalive-super-mega-runners-vita,ok,icon0.png;shot_01.png;shot_02.png;shot_03.png;shot_04.png;shot_05.png;SOURCES.txt;super-mega-runners-vita.vpk,,https://archive.org/details/psvitaalive-super-mega-runners-vita
super-pixel-run,psvitaalive-super-pixel-run,ok,icon0.png;shot_01.png;shot_02.png;SOURCES.txt;super-pixel-run.vpk,,https://archive.org/details/psvitaalive-super-pixel-run
superfluous-returnz-vita,psvitaalive-superfluous-returnz-vita,ok,icon0.png;shot_01.png;shot_02.png;shot_03.png;shot_04.png;shot_05.png;SOURCES.txt;superfluous-returnz-vita.vpk,,https://archive.org/details/psvitaalive-superfluous-returnz-vita
supermariobros-c-vita,psvitaalive-supermariobros-c-vita,ok,icon0.png;shot_01.png;SOURCES.txt;supermariobros-c-vita.vpk,,https://archive.org/details/psvitaalive-supermariobros-c-vita
supermariowar,psvitaalive-supermariowar,ok,icon0.png;shot_01.png;shot_02.png;shot_03.png;shot_04.png;shot_05.png;SOURCES.txt;supermariowar.vpk,,https://archive.org/details/psvitaalive-supermariowar
supertux-classic,psvitaalive-supertux-classic,ok,icon0.png;shot_01.png;SOURCES.txt;SuperTux-PSVITA.vpk,,https://archive.org/details/psvitaalive-supertux-classic
supra-mayro-kratt,psvitaalive-supra-mayro-kratt,ok,icon0.png;shot_01.png;shot_02.png;shot_03.png;shot_04.png;shot_05.png;SOURCES.txt;supra-mayro-kratt.vpk,,https://archive.org/details/psvitaalive-supra-mayro-kratt
switch-sd2vita,psvitaalive-switch-sd2vita,ok,icon0.png;shot_01.png;SOURCES.txt;switch-sd2vita.vpk,,https://archive.org/details/psvitaalive-switch-sd2vita
switch-to-pstv,psvitaalive-switch-to-pstv,ok,icon0.png;shot_01.png;SOURCES.txt;switch-to-pstv.vpk,,https://archive.org/details/psvitaalive-switch-to-pstv
switchfin,psvitaalive-switchfin,ok,icon0.png;shot_01.png;shot_02.png;shot_03.png;shot_04.png;shot_05.png;SOURCES.txt;Switchfin.vpk,,https://archive.org/details/psvitaalive-switchfin
switchkaku,psvitaalive-switchkaku,ok,icon0.png;shot_01.png;shot_02.png;SOURCES.txt;switchkaku.vpk,,https://archive.org/details/psvitaalive-switchkaku
switchview-ui,psvitaalive-switchview-ui,ok,icon0.png;shot_01.png;shot_02.png;shot_03.png;shot_04.png;SOURCES.txt;switchview-ui.vpk,,https://archive.org/details/psvitaalive-switchview-ui
sword-journey,psvitaalive-sword-journey,ok,icon0.png;shot_01.png;shot_02.png;SOURCES.txt;sword-journey.vpk,,https://archive.org/details/psvitaalive-sword-journey
swordigo-vita,psvitaalive-swordigo-vita,ok,icon0.png;shot_01.png;shot_02.png;shot_03.png;shot_04.png;shot_05.png;SOURCES.txt;swordigo-vita.vpk,,https://archive.org/details/psvitaalive-swordigo-vita
systemcheckenabled,psvitaalive-systemcheckenabled,ok,17-systemshock.vpk;icon0.png;shot_01.png;shot_02.png;shot_03.png;shot_04.png;shot_05.png;SOURCES.txt,,https://archive.org/details/psvitaalive-systemcheckenabled
systemcheckenabled-actpsvita,psvitaalive-systemcheckenabled-actpsvita,ok,icon0.png;shot_01.png;shot_02.png;shot_03.png;SOURCES.txt;systemcheckenabled-actpsvita.vpk,,https://archive.org/details/psvitaalive-systemcheckenabled-actpsvita
t-rex,psvitaalive-t-rex,ok,icon0.png;shot_01.png;shot_02.png;SOURCES.txt;t-rex.vpk,,https://archive.org/details/psvitaalive-t-rex
tactic-miner,psvitaalive-tactic-miner,ok,icon0.png;shot_01.png;shot_02.png;SOURCES.txt;tactic-miner.vpk,,https://archive.org/details/psvitaalive-tactic-miner
tamatool-vita,psvitaalive-tamatool-vita,ok,icon0.png;shot_01.png;shot_02.png;shot_03.png;shot_04.png;SOURCES.txt;tamatool-vita.vpk,,https://archive.org/details/psvitaalive-tamatool-vita
techmaniac-thpg,psvitaalive-techmaniac-thpg,ok,icon0.png;shot_01.png;shot_02.png;shot_03.png;shot_04.png;shot_05.png;SOURCES.txt;techmaniac-thpg.vpk,,https://archive.org/details/psvitaalive-techmaniac-thpg
tema,psvitaalive-tema,ok,icon0.png;shot_01.png;shot_02.png;shot_03.png;SOURCES.txt;tema.vpk,,https://archive.org/details/psvitaalive-tema
temporary-space,psvitaalive-temporary-space,ok,icon0.png;shot_01.png;shot_02.png;shot_03.png;shot_04.png;shot_05.png;SOURCES.txt;temporary-space.vpk,,https://archive.org/details/psvitaalive-temporary-space
temporary-space-expanse,psvitaalive-temporary-space-expanse,ok,icon0.png;shot_01.png;shot_02.png;shot_03.png;shot_04.png;shot_05.png;SOURCES.txt;temporary-space-expanse.vpk,,https://archive.org/details/psvitaalive-temporary-space-expanse
terri-fried,psvitaalive-terri-fried,ok,icon0.png;shot_01.png;shot_02.png;shot_03.png;shot_04.png;shot_05.png;SOURCES.txt;terri-fried.vpk,,https://archive.org/details/psvitaalive-terri-fried
tetromino-touhou-edition,psvitaalive-tetromino-touhou-edition,ok,icon0.png;shot_01.png;shot_02.png;shot_03.png;shot_04.png;SOURCES.txt;tetromino-touhou-edition.vpk,,https://archive.org/details/psvitaalive-tetromino-touhou-edition
textquest,psvitaalive-textquest,ok,icon0.png;shot_01.png;shot_02.png;SOURCES.txt;textquest.vpk,,https://archive.org/details/psvitaalive-textquest
the-blues-brothers,psvitaalive-the-blues-brothers,ok,icon0.png;shot_01.png;shot_02.png;shot_03.png;shot_04.png;SOURCES.txt;the-blues-brothers.vpk,,https://archive.org/details/psvitaalive-the-blues-brothers
the-blues-brothers-jukebox-adventure,psvitaalive-the-blues-brothers-jukebox-adventure,ok,icon0.png;shot_01.png;shot_02.png;shot_03.png;shot_04.png;SOURCES.txt;the-blues-brothers-jukebox-adventure.vpk,,https://archive.org/details/psvitaalive-the-blues-brothers-jukebox-adventure
the-call,psvitaalive-the-call,ok,icon0.png;shot_01.png;shot_02.png;shot_03.png;shot_04.png;SOURCES.txt;the-call.vpk,,https://archive.org/details/psvitaalive-the-call
the-conduit-hd-vita,psvitaalive-the-conduit-hd-vita,ok,icon0.png;shot_01.png;shot_02.png;SOURCES.txt;the-conduit-hd-vita.vpk,,https://archive.org/details/psvitaalive-the-conduit-hd-vita
the-curse-of-issyos,psvitaalive-the-curse-of-issyos,ok,icon0.png;shot_01.png;SOURCES.txt;the-curse-of-issyos.vpk,,https://archive.org/details/psvitaalive-the-curse-of-issyos
the-four-of-us-are-dying,psvitaalive-the-four-of-us-are-dying,ok,icon0.png;shot_01.png;SOURCES.txt;TFoUAD.vpk,,https://archive.org/details/psvitaalive-the-four-of-us-are-dying
the-four-of-us-are-dying-wscg00004,psvitaalive-the-four-of-us-are-dying-wscg00004,ok,icon0.png;shot_01.png;shot_02.png;shot_03.png;shot_04.png;shot_05.png;SOURCES.txt;the-four-of-us-are-dying-wscg00004.vpk,,https://archive.org/details/psvitaalive-the-four-of-us-are-dying-wscg00004
the-great-adventures-of-nedmapagmahal,psvitaalive-the-great-adventures-of-nedmapagmahal,ok,icon0.png;shot_01.png;shot_02.png;shot_03.png;shot_04.png;shot_05.png;SOURCES.txt;the-great-adventures-of-nedmapagmahal.vpk,,https://archive.org/details/psvitaalive-the-great-adventures-of-nedmapagmahal
the-hallway,psvitaalive-the-hallway,ok,icon0.png;shot_01.png;shot_02.png;shot_03.png;shot_04.png;SOURCES.txt;the-hallway.vpk,,https://archive.org/details/psvitaalive-the-hallway
the-legend-of-edgar,psvitaalive-the-legend-of-edgar,ok,icon0.png;shot_01.png;shot_02.png;shot_03.png;shot_04.png;shot_05.png;SOURCES.txt;the-legend-of-edgar.vpk,,https://archive.org/details/psvitaalive-the-legend-of-edgar
the-legend-of-lumina-vita,psvitaalive-the-legend-of-lumina-vita,ok,icon0.png;shot_01.png;shot_02.png;shot_03.png;shot_04.png;shot_05.png;SOURCES.txt;the-legend-of-lumina-vita.vpk,,https://archive.org/details/psvitaalive-the-legend-of-lumina-vita
the-orange-sunflower,psvitaalive-the-orange-sunflower,ok,icon0.png;shot_01.png;shot_02.png;SOURCES.txt;the-orange-sunflower.vpk,,https://archive.org/details/psvitaalive-the-orange-sunflower
the-other-her,psvitaalive-the-other-her,ok,icon0.png;shot_01.png;shot_02.png;shot_03.png;shot_04.png;shot_05.png;SOURCES.txt;the-other-her.vpk,,https://archive.org/details/psvitaalive-the-other-her
the-world-ends-with-you-vita,psvitaalive-the-world-ends-with-you-vita,ok,icon0.png;shot_01.png;shot_02.png;shot_03.png;shot_04.png;shot_05.png;SOURCES.txt;the-world-ends-with-you-vita.vpk,,https://archive.org/details/psvitaalive-the-world-ends-with-you-vita
theme-manager-ex,psvitaalive-theme-manager-ex,ok,icon0.png;shot_01.png;SOURCES.txt;theme-manager-ex.vpk,,https://archive.org/details/psvitaalive-theme-manager-ex
thimbleweed-park-vita,psvitaalive-thimbleweed-park-vita,ok,icon0.png;shot_01.png;shot_02.png;shot_03.png;shot_04.png;shot_05.png;SOURCES.txt;thimbleweed-park-vita.vpk,,https://archive.org/details/psvitaalive-thimbleweed-park-vita
thrust-shot,psvitaalive-thrust-shot,ok,icon0.png;shot_01.png;shot_02.png;shot_03.png;shot_04.png;shot_05.png;SOURCES.txt;thrust-shot.vpk,,https://archive.org/details/psvitaalive-thrust-shot
tic-tac-toe,psvitaalive-tic-tac-toe,ok,icon0.png;shot_01.png;shot_02.png;shot_03.png;shot_04.png;shot_05.png;SOURCES.txt;tic-tac-toe.vpk,,https://archive.org/details/psvitaalive-tic-tac-toe
tie-vita,psvitaalive-tie-vita,ok,icon0.png;shot_01.png;shot_02.png;shot_03.png;shot_04.png;shot_05.png;SOURCES.txt;tie-vita.vpk,,https://archive.org/details/psvitaalive-tie-vita
tile-world-vita,psvitaalive-tile-world-vita,ok,icon0.png;shot_01.png;SOURCES.txt;tworld-vita.vpk,,https://archive.org/details/psvitaalive-tile-world-vita
tiny-crate-vita,psvitaalive-tiny-crate-vita,ok,icon0.png;shot_01.png;shot_02.png;shot_03.png;shot_04.png;shot_05.png;SOURCES.txt;tiny-crate-vita.vpk,,https://archive.org/details/psvitaalive-tiny-crate-vita
tinycraft,psvitaalive-tinycraft,ok,icon0.png;shot_01.png;shot_02.png;shot_03.png;shot_04.png;shot_05.png;SOURCES.txt;tinycraft.vpk,,https://archive.org/details/psvitaalive-tinycraft
to-pieces,psvitaalive-to-pieces,ok,icon0.png;shot_01.png;shot_02.png;shot_03.png;shot_04.png;shot_05.png;SOURCES.txt;to-pieces.vpk,,https://archive.org/details/psvitaalive-to-pieces
tomb-raider-1-2-classic-collection,psvitaalive-tomb-raider-1-2-classic-collection,ok,icon0.png;shot_01.png;shot_02.png;shot_03.png;shot_04.png;shot_05.png;SOURCES.txt;tomb-raider-1-2-classic-collection.vpk,,https://archive.org/details/psvitaalive-tomb-raider-1-2-classic-collection
toon-rescue-vita,psvitaalive-toon-rescue-vita,ok,icon0.png;shot_01.png;shot_02.png;shot_03.png;shot_04.png;shot_05.png;SOURCES.txt;toon-rescue-vita.vpk,,https://archive.org/details/psvitaalive-toon-rescue-vita
top-classic-plaigarized,psvitaalive-top-classic-plaigarized,ok,icon0.png;shot_01.png;shot_02.png;shot_03.png;shot_04.png;shot_05.png;SOURCES.txt;top-classic-plaigarized.vpk,,https://archive.org/details/psvitaalive-top-classic-plaigarized
torn,psvitaalive-torn,ok,icon0.png;shot_01.png;SOURCES.txt;torn.vpk,,https://archive.org/details/psvitaalive-torn
touhou-6-vita,psvitaalive-touhou-6-vita,ok,icon0.png;shot_01.png;SOURCES.txt;touhou-6-vita.vpk,,https://archive.org/details/psvitaalive-touhou-6-vita
toziuha-night-dracula-s-revenge-vita,psvitaalive-toziuha-night-dracula-s-revenge-vita,ok,icon0.png;shot_01.png;shot_02.png;shot_03.png;shot_04.png;shot_05.png;SOURCES.txt;toziuha-night-dracula-s-revenge-vita.vpk,,https://archive.org/details/psvitaalive-toziuha-night-dracula-s-revenge-vita
trainslive---london,psvitaalive-trainslive---london,ok,icon0.png;shot_01.png;shot_02.png;shot_03.png;shot_04.png;SOURCES.txt;trainslive---london.vpk,,https://archive.org/details/psvitaalive-trainslive---london
treasure-chasers,psvitaalive-treasure-chasers,ok,icon0.png;shot_01.png;shot_02.png;shot_03.png;shot_04.png;shot_05.png;SOURCES.txt;treasure-chasers.vpk,,https://archive.org/details/psvitaalive-treasure-chasers
tricky-towers-endless-race,psvitaalive-tricky-towers-endless-race,ok,icon0.png;shot_01.png;shot_02.png;shot_03.png;shot_04.png;shot_05.png;SOURCES.txt;tricky-towers-endless-race.vpk,,https://archive.org/details/psvitaalive-tricky-towers-endless-race
trifle-psychotic,psvitaalive-trifle-psychotic,ok,icon0.png;shot_01.png;SOURCES.txt;trifle-psychotic.vpk,,https://archive.org/details/psvitaalive-trifle-psychotic
trogdor-reburninated,psvitaalive-trogdor-reburninated,ok,icon0.png;shot_01.png;shot_02.png;SOURCES.txt;trogdor-reburninated.vpk,,https://archive.org/details/psvitaalive-trogdor-reburninated
trophaxse,psvitaalive-trophaxse,ok,icon0.png;shot_01.png;SOURCES.txt;TrophaxSE.vpk,,https://archive.org/details/psvitaalive-trophaxse
trophy-dumper,psvitaalive-trophy-dumper,ok,icon0.png;shot_01.png;SOURCES.txt;TrophyDumper.vpk,,https://archive.org/details/psvitaalive-trophy-dumper
tropical-zone,psvitaalive-tropical-zone,ok,icon0.png;shot_01.png;shot_02.png;shot_03.png;shot_04.png;SOURCES.txt;tropical-zone.vpk,,https://archive.org/details/psvitaalive-tropical-zone
tux-football-vita,psvitaalive-tux-football-vita,ok,icon0.png;shot_01.png;shot_02.png;shot_03.png;shot_04.png;shot_05.png;SOURCES.txt;tux-football-vita.vpk,,https://archive.org/details/psvitaalive-tux-football-vita
twom-vita,psvitaalive-twom-vita,ok,icon0.png;shot_01.png;shot_02.png;shot_03.png;shot_04.png;shot_05.png;SOURCES.txt;twom-vita.vpk,,https://archive.org/details/psvitaalive-twom-vita
uae4all,psvitaalive-uae4all,ok,icon0.png;shot_01.png;shot_02.png;shot_03.png;shot_04.png;shot_05.png;SOURCES.txt;uae4all_2.10.vpk,,https://archive.org/details/psvitaalive-uae4all
ufe,psvitaalive-ufe,ok,icon0.png;shot_01.png;shot_02.png;SOURCES.txt;ufe.vpk,,https://archive.org/details/psvitaalive-ufe
ufoai-vita,psvitaalive-ufoai-vita,ok,icon0.png;shot_01.png;shot_02.png;shot_03.png;shot_04.png;shot_05.png;SOURCES.txt;ufoai-vita.vpk,,https://archive.org/details/psvitaalive-ufoai-vita
umario,psvitaalive-umario,ok,icon0.png;shot_01.png;SOURCES.txt;umario.vpk,,https://archive.org/details/psvitaalive-umario
umario-vita,psvitaalive-umario-vita,ok,icon0.png;shot_01.png;SOURCES.txt;umario-vita.vpk,,https://archive.org/details/psvitaalive-umario-vita
undead-slayer,psvitaalive-undead-slayer,ok,icon0.png;shot_01.png;SOURCES.txt;undead-slayer.vpk,,https://archive.org/details/psvitaalive-undead-slayer
unipcemu,psvitaalive-unipcemu,ok,icon0.png;shot_01.png;shot_02.png;shot_03.png;shot_04.png;SOURCES.txt;unipcemu.vpk,,https://archive.org/details/psvitaalive-unipcemu
unreal-vita,psvitaalive-unreal-vita,ok,icon0.png;shot_01.png;shot_02.png;shot_03.png;shot_04.png;shot_05.png;SOURCES.txt;unreal-vita.vpk,,https://archive.org/details/psvitaalive-unreal-vita
unsighted-vita,psvitaalive-unsighted-vita,ok,icon0.png;shot_01.png;SOURCES.txt;unsighted-vita.vpk,,https://archive.org/details/psvitaalive-unsighted-vita
untitled50-vita,psvitaalive-untitled50-vita,ok,icon0.png;shot_01.png;shot_02.png;shot_03.png;shot_04.png;shot_05.png;SOURCES.txt;untitled50-vita.vpk,,https://archive.org/details/psvitaalive-untitled50-vita
uqm-vita,psvitaalive-uqm-vita,ok,icon0.png;shot_01.png;SOURCES.txt;uqm.vpk,,https://archive.org/details/psvitaalive-uqm-vita
uricaller,psvitaalive-uricaller,ok,icon0.png;shot_01.png;shot_02.png;SOURCES.txt;uricaller.vpk,,https://archive.org/details/psvitaalive-uricaller
ut99-vita,psvitaalive-ut99-vita,ok,icon0.png;shot_01.png;shot_02.png;shot_03.png;shot_04.png;shot_05.png;SOURCES.txt;ut99-vita.vpk,,https://archive.org/details/psvitaalive-ut99-vita
ux0-to-sd-clonetool,psvitaalive-ux0-to-sd-clonetool,ok,icon0.png;shot_01.png;shot_02.png;shot_03.png;shot_04.png;shot_05.png;SOURCES.txt;ux0-to-sd-clonetool.vpk,,https://archive.org/details/psvitaalive-ux0-to-sd-clonetool
valiant-hearts-vita,psvitaalive-valiant-hearts-vita,ok,icon0.png;shot_01.png;shot_02.png;shot_03.png;shot_04.png;shot_05.png;SOURCES.txt;valiant-hearts-vita.vpk,,https://archive.org/details/psvitaalive-valiant-hearts-vita
vanillara,psvitaalive-vanillara,ok,icon0.png;shot_01.png;shot_02.png;shot_03.png;shot_04.png;shot_05.png;SOURCES.txt;vanillara.vpk,,https://archive.org/details/psvitaalive-vanillara
vanillatd,psvitaalive-vanillatd,ok,icon0.png;shot_01.png;shot_02.png;shot_03.png;shot_04.png;shot_05.png;SOURCES.txt;vanillatd.vpk,,https://archive.org/details/psvitaalive-vanillatd
vanish-vita,psvitaalive-vanish-vita,ok,icon0.png;shot_01.png;shot_02.png;shot_03.png;shot_04.png;shot_05.png;SOURCES.txt;vanish-vita.vpk,,https://archive.org/details/psvitaalive-vanish-vita
very-obscure-souls,psvitaalive-very-obscure-souls,ok,icon0.png;shot_01.png;SOURCES.txt;very-obscure-souls.vpk,,https://archive.org/details/psvitaalive-very-obscure-souls
vicevita,psvitaalive-vicevita,ok,icon0.png;shot_01.png;shot_02.png;shot_03.png;shot_04.png;shot_05.png;SOURCES.txt;vicevita.vpk,,https://archive.org/details/psvitaalive-vicevita
virtual-gc,psvitaalive-virtual-gc,ok,icon0.png;shot_01.png;SOURCES.txt;virtual-gc.vpk,,https://archive.org/details/psvitaalive-virtual-gc
vita-account-manager,psvitaalive-vita-account-manager,ok,icon0.png;shot_01.png;SOURCES.txt;vita-account-manager.vpk,,https://archive.org/details/psvitaalive-vita-account-manager
vita-activator,psvitaalive-vita-activator,ok,icon0.png;shot_01.png;SOURCES.txt;vita-activator.vpk,,https://archive.org/details/psvitaalive-vita-activator
vita-backup,psvitaalive-vita-backup,ok,icon0.png;shot_01.png;shot_02.png;shot_03.png;shot_04.png;shot_05.png;SOURCES.txt;vita-backup.vpk,,https://archive.org/details/psvitaalive-vita-backup
vita-bootanim,psvitaalive-vita-bootanim,ok,icon0.png;shot_01.png;SOURCES.txt;vita-bootanim.vpk,,https://archive.org/details/psvitaalive-vita-bootanim
vita-calculator,psvitaalive-vita-calculator,ok,icon0.png;shot_01.png;shot_02.png;SOURCES.txt;vita-calculator.vpk,,https://archive.org/details/psvitaalive-vita-calculator
vita-chain,psvitaalive-vita-chain,ok,icon0.png;shot_01.png;shot_02.png;SOURCES.txt;vita-chain.vpk,,https://archive.org/details/psvitaalive-vita-chain
vita-deck,psvitaalive-vita-deck,ok,icon0.png;shot_01.png;shot_02.png;shot_03.png;shot_04.png;SOURCES.txt;vita-deck.vpk,,https://archive.org/details/psvitaalive-vita-deck
vita-doom,psvitaalive-vita-doom,ok,icon0.png;shot_01.png;shot_02.png;SOURCES.txt;vita-doom.vpk,,https://archive.org/details/psvitaalive-vita-doom
vita-drop,psvitaalive-vita-drop,ok,icon0.png;shot_01.png;shot_02.png;SOURCES.txt;vita-drop.vpk,,https://archive.org/details/psvitaalive-vita-drop
vita-ezremote-client,psvitaalive-vita-ezremote-client,ok,icon0.png;shot_01.png;shot_02.png;SOURCES.txt;vita-ezremote-client.vpk,,https://archive.org/details/psvitaalive-vita-ezremote-client
vita-fighters,psvitaalive-vita-fighters,ok,icon0.png;shot_01.png;shot_02.png;shot_03.png;shot_04.png;shot_05.png;SOURCES.txt;vita-fighters.vpk,,https://archive.org/details/psvitaalive-vita-fighters
vita-first-sight,psvitaalive-vita-first-sight,ok,icon0.png;shot_01.png;SOURCES.txt;vita-first-sight.vpk,,https://archive.org/details/psvitaalive-vita-first-sight
vita-flappy-bird,psvitaalive-vita-flappy-bird,ok,icon0.png;shot_01.png;shot_02.png;SOURCES.txt;vita-flappy-bird.vpk,,https://archive.org/details/psvitaalive-vita-flappy-bird
vita-ftp-client,psvitaalive-vita-ftp-client,ok,icon0.png;shot_01.png;shot_02.png;SOURCES.txt;vita-ftp-client.vpk,,https://archive.org/details/psvitaalive-vita-ftp-client
vita-hangman---touhou-edition,psvitaalive-vita-hangman---touhou-edition,ok,379-VitaHangman.vpk;icon0.png;shot_01.png;shot_02.png;shot_03.png;shot_04.png;shot_05.png;SOURCES.txt,,https://archive.org/details/psvitaalive-vita-hangman---touhou-edition
vita-hangman---touhou-edition-thhm00001,psvitaalive-vita-hangman---touhou-edition-thhm00001,ok,icon0.png;shot_01.png;shot_02.png;SOURCES.txt;vita-hangman---touhou-edition-thhm00001.vpk,,https://archive.org/details/psvitaalive-vita-hangman---touhou-edition-thhm00001
vita-hardware-test,psvitaalive-vita-hardware-test,ok,icon0.png;shot_01.png;SOURCES.txt;vita-hardware-test.vpk,,https://archive.org/details/psvitaalive-vita-hardware-test
vita-homebrew-browser,psvitaalive-vita-homebrew-browser,ok,icon0.png;shot_01.png;shot_02.png;shot_03.png;shot_04.png;shot_05.png;SOURCES.txt;vita-homebrew-browser.vpk,,https://archive.org/details/psvitaalive-vita-homebrew-browser
vita-homebrew-sorter,psvitaalive-vita-homebrew-sorter,ok,icon0.png;shot_01.png;shot_02.png;shot_03.png;shot_04.png;shot_05.png;SOURCES.txt;vita-homebrew-sorter.vpk,,https://archive.org/details/psvitaalive-vita-homebrew-sorter
vita-kohana,psvitaalive-vita-kohana,ok,icon0.png;shot_01.png;SOURCES.txt;vita-kohana.vpk,,https://archive.org/details/psvitaalive-vita-kohana
vita-launcher,psvitaalive-vita-launcher,ok,icon0.png;shot_01.png;shot_02.png;SOURCES.txt;vita-launcher.vpk,,https://archive.org/details/psvitaalive-vita-launcher
vita-media-center,psvitaalive-vita-media-center,ok,icon0.png;shot_01.png;shot_02.png;shot_03.png;shot_04.png;SOURCES.txt;vita-media-center.vpk,,https://archive.org/details/psvitaalive-vita-media-center
vita-media-player-psv,psvitaalive-vita-media-player-psv,ok,icon0.png;shot_01.png;shot_02.png;shot_03.png;shot_04.png;shot_05.png;SOURCES.txt;vita-media-player-psv.vpk,,https://archive.org/details/psvitaalive-vita-media-player-psv
vita-mhdh,psvitaalive-vita-mhdh,ok,icon0.png;shot_01.png;shot_02.png;shot_03.png;shot_04.png;shot_05.png;SOURCES.txt;vita-mhdh.vpk,,https://archive.org/details/psvitaalive-vita-mhdh
vita-milk,psvitaalive-vita-milk,ok,icon0.png;shot_01.png;SOURCES.txt;vita-milk.vpk,,https://archive.org/details/psvitaalive-vita-milk
vita-moonlight,psvitaalive-vita-moonlight,ok,icon0.png;shot_01.png;SOURCES.txt;vita-moonlight.vpk,,https://archive.org/details/psvitaalive-vita-moonlight
vita-net-check,psvitaalive-vita-net-check,ok,icon0.png;shot_01.png;SOURCES.txt;vita-net-check.vpk,,https://archive.org/details/psvitaalive-vita-net-check
vita-noautoavls,psvitaalive-vita-noautoavls,ok,icon0.png;shot_01.png;SOURCES.txt;vita-noautoavls.vpk,,https://archive.org/details/psvitaalive-vita-noautoavls
vita-object-loader,psvitaalive-vita-object-loader,ok,icon0.png;shot_01.png;shot_02.png;shot_03.png;shot_04.png;shot_05.png;SOURCES.txt;vita-object-loader.vpk,,https://archive.org/details/psvitaalive-vita-object-loader
vita-pong,psvitaalive-vita-pong,ok,icon0.png;shot_01.png;shot_02.png;shot_03.png;SOURCES.txt;vita-pong.vpk,,https://archive.org/details/psvitaalive-vita-pong
vita-ports-scanner,psvitaalive-vita-ports-scanner,ok,icon0.png;shot_01.png;SOURCES.txt;vita-ports-scanner.vpk,,https://archive.org/details/psvitaalive-vita-ports-scanner
vita-reckoning,psvitaalive-vita-reckoning,ok,icon0.png;shot_01.png;shot_02.png;shot_03.png;shot_04.png;shot_05.png;SOURCES.txt;vita-reckoning.vpk,,https://archive.org/details/psvitaalive-vita-reckoning
vita-restart,psvitaalive-vita-restart,ok,icon0.png;shot_01.png;SOURCES.txt;vita-restart.vpk,,https://archive.org/details/psvitaalive-vita-restart
vita-sample-avplayer,psvitaalive-vita-sample-avplayer,ok,icon0.png;shot_01.png;shot_02.png;shot_03.png;shot_04.png;SOURCES.txt;vita-sample-avplayer.vpk,,https://archive.org/details/psvitaalive-vita-sample-avplayer
vita-savemgr,psvitaalive-vita-savemgr,ok,icon0.png;shot_01.png;shot_02.png;shot_03.png;SOURCES.txt;vita-savemgr.vpk,,https://archive.org/details/psvitaalive-vita-savemgr
vita-screen-test,psvitaalive-vita-screen-test,ok,icon0.png;shot_01.png;SOURCES.txt;vita-screen-test.vpk,,https://archive.org/details/psvitaalive-vita-screen-test
vita-sketch,psvitaalive-vita-sketch,ok,icon0.png;shot_01.png;shot_02.png;shot_03.png;shot_04.png;shot_05.png;SOURCES.txt;vita-sketch.vpk,,https://archive.org/details/psvitaalive-vita-sketch
vita-smb-client,psvitaalive-vita-smb-client,ok,icon0.png;shot_01.png;shot_02.png;SOURCES.txt;vita-smb-client.vpk,,https://archive.org/details/psvitaalive-vita-smb-client
vita-sokoban,psvitaalive-vita-sokoban,ok,icon0.png;shot_01.png;shot_02.png;SOURCES.txt;vita-sokoban.vpk,,https://archive.org/details/psvitaalive-vita-sokoban
vita-stacks,psvitaalive-vita-stacks,ok,icon0.png;shot_01.png;shot_02.png;shot_03.png;shot_04.png;shot_05.png;SOURCES.txt;vita-stacks.vpk,,https://archive.org/details/psvitaalive-vita-stacks
vita-surviving,psvitaalive-vita-surviving,ok,icon0.png;shot_01.png;shot_02.png;shot_03.png;shot_04.png;shot_05.png;SOURCES.txt;vita-surviving.vpk,,https://archive.org/details/psvitaalive-vita-surviving
vita-tetromino,psvitaalive-vita-tetromino,ok,icon0.png;shot_01.png;shot_02.png;SOURCES.txt;vita-tetromino.vpk,,https://archive.org/details/psvitaalive-vita-tetromino
vita-timer,psvitaalive-vita-timer,ok,icon0.png;shot_01.png;SOURCES.txt;vita-timer.vpk,,https://archive.org/details/psvitaalive-vita-timer
vita-timer-vitatimer,psvitaalive-vita-timer-vitatimer,ok,icon0.png;shot_01.png;shot_02.png;shot_03.png;shot_04.png;shot_05.png;SOURCES.txt;vita-timer-vitatimer.vpk,,https://archive.org/details/psvitaalive-vita-timer-vitatimer
vita-virtualkeyboard,psvitaalive-vita-virtualkeyboard,ok,icon0.png;shot_01.png;shot_02.png;SOURCES.txt;vita-virtualkeyboard.vpk,,https://archive.org/details/psvitaalive-vita-virtualkeyboard
vita-webdav-client,psvitaalive-vita-webdav-client,ok,icon0.png;shot_01.png;shot_02.png;SOURCES.txt;vita-webdav-client.vpk,,https://archive.org/details/psvitaalive-vita-webdav-client
vita-webradios,psvitaalive-vita-webradios,ok,icon0.png;shot_01.png;shot_02.png;shot_03.png;shot_04.png;SOURCES.txt;vita-webradios.vpk,,https://archive.org/details/psvitaalive-vita-webradios
vitaairhockey,psvitaalive-vitaairhockey,ok,icon0.png;shot_01.png;SOURCES.txt;vitaairhockey.vpk,,https://archive.org/details/psvitaalive-vitaairhockey
vitabatteryalarm,psvitaalive-vitabatteryalarm,ok,icon0.png;shot_01.png;SOURCES.txt;vitabatteryalarm.vpk,,https://archive.org/details/psvitaalive-vitabatteryalarm
vitabooks,psvitaalive-vitabooks,ok,icon0.png;shot_01.png;shot_02.png;SOURCES.txt;vitabooks.vpk,,https://archive.org/details/psvitaalive-vitabooks
vitabright-lut-editor,psvitaalive-vitabright-lut-editor,ok,icon0.png;shot_01.png;SOURCES.txt;vitabright-lut-editor.vpk,,https://archive.org/details/psvitaalive-vitabright-lut-editor
vitabrot,psvitaalive-vitabrot,ok,icon0.png;shot_01.png;SOURCES.txt;vitabrot.vpk,,https://archive.org/details/psvitaalive-vitabrot
vitacid,psvitaalive-vitacid,ok,icon0.png;shot_01.png;SOURCES.txt;vitacid.vpk,,https://archive.org/details/psvitaalive-vitacid
vitacord,psvitaalive-vitacord,ok,icon0.png;shot_01.png;shot_02.png;shot_03.png;shot_04.png;shot_05.png;SOURCES.txt;vitacord.vpk,,https://archive.org/details/psvitaalive-vitacord
vitadb-downloader,psvitaalive-vitadb-downloader,ok,icon0.png;shot_01.png;shot_02.png;shot_03.png;shot_04.png;shot_05.png;SOURCES.txt;vitadb-downloader.vpk,,https://archive.org/details/psvitaalive-vitadb-downloader
vitadeploy,psvitaalive-vitadeploy,ok,icon0.png;shot_01.png;SOURCES.txt;VitaDeploy.vpk,,https://archive.org/details/psvitaalive-vitadeploy
vitadl,psvitaalive-vitadl,ok,icon0.png;shot_01.png;shot_02.png;shot_03.png;SOURCES.txt;vitadl.vpk,,https://archive.org/details/psvitaalive-vitadl
vitaexhumed,psvitaalive-vitaexhumed,ok,icon0.png;shot_01.png;shot_02.png;shot_03.png;shot_04.png;shot_05.png;SOURCES.txt;vitaexhumed.vpk,,https://archive.org/details/psvitaalive-vitaexhumed
vitafft,psvitaalive-vitafft,ok,icon0.png;shot_01.png;SOURCES.txt;VitaFFT.vpk,,https://archive.org/details/psvitaalive-vitafft
vitafft-mfft00001,psvitaalive-vitafft-mfft00001,ok,icon0.png;shot_01.png;SOURCES.txt;vitafft-mfft00001.vpk,,https://archive.org/details/psvitaalive-vitafft-mfft00001
vitaforecast,psvitaalive-vitaforecast,ok,icon0.png;shot_01.png;shot_02.png;shot_03.png;shot_04.png;SOURCES.txt;vitaforecast.vpk,,https://archive.org/details/psvitaalive-vitaforecast
vitagrafix-configurator,psvitaalive-vitagrafix-configurator,ok,icon0.png;shot_01.png;shot_02.png;shot_03.png;shot_04.png;SOURCES.txt;vitagrafix-configurator.vpk,,https://archive.org/details/psvitaalive-vitagrafix-configurator
vitagraphs,psvitaalive-vitagraphs,ok,icon0.png;shot_01.png;shot_02.png;shot_03.png;shot_04.png;SOURCES.txt;vitagraphs.vpk,,https://archive.org/details/psvitaalive-vitagraphs
vitahexenii,psvitaalive-vitahexenii,ok,icon0.png;shot_01.png;shot_02.png;shot_03.png;shot_04.png;shot_05.png;SOURCES.txt;vitahexenii.vpk,,https://archive.org/details/psvitaalive-vitahexenii
vitahot,psvitaalive-vitahot,ok,icon0.png;shot_01.png;shot_02.png;shot_03.png;shot_04.png;shot_05.png;SOURCES.txt;vitahot.vpk,,https://archive.org/details/psvitaalive-vitahot
vitaident,psvitaalive-vitaident,ok,icon0.png;shot_01.png;shot_02.png;shot_03.png;SOURCES.txt;vitaident.vpk,,https://archive.org/details/psvitaalive-vitaident
vitaident-gui,psvitaalive-vitaident-gui,ok,icon0.png;shot_01.png;SOURCES.txt;VITAident_GUI.vpk,,https://archive.org/details/psvitaalive-vitaident-gui
vitaimmich,psvitaalive-vitaimmich,ok,icon0.png;shot_01.png;shot_02.png;shot_03.png;shot_04.png;shot_05.png;SOURCES.txt;vitaimmich.vpk,,https://archive.org/details/psvitaalive-vitaimmich
vitaki,psvitaalive-vitaki,ok,icon0.png;shot_01.png;SOURCES.txt;vitaki.vpk,,https://archive.org/details/psvitaalive-vitaki
vitalbum,psvitaalive-vitalbum,ok,icon0.png;shot_01.png;shot_02.png;SOURCES.txt;vitalbum.vpk,,https://archive.org/details/psvitaalive-vitalbum
vitaman,psvitaalive-vitaman,ok,icon0.png;shot_01.png;shot_02.png;SOURCES.txt;vitaman.vpk,,https://archive.org/details/psvitaalive-vitaman
vitamin,psvitaalive-vitamin,ok,icon0.png;shot_01.png;SOURCES.txt;vitamin.vpk,,https://archive.org/details/psvitaalive-vitamin
vitamon-go,psvitaalive-vitamon-go,ok,icon0.png;shot_01.png;shot_02.png;shot_03.png;shot_04.png;shot_05.png;SOURCES.txt;vitamon-go.vpk,,https://archive.org/details/psvitaalive-vitamon-go
vitanks,psvitaalive-vitanks,ok,icon0.png;shot_01.png;shot_02.png;shot_03.png;shot_04.png;SOURCES.txt;vitanks.vpk,,https://archive.org/details/psvitaalive-vitanks
vitaoxipad,psvitaalive-vitaoxipad,ok,icon0.png;shot_01.png;shot_02.png;shot_03.png;shot_04.png;SOURCES.txt;vitaoxipad.vpk,,https://archive.org/details/psvitaalive-vitaoxipad
vitapad,psvitaalive-vitapad,ok,icon0.png;shot_01.png;SOURCES.txt;vitapad.vpk,,https://archive.org/details/psvitaalive-vitapad
vitapdf,psvitaalive-vitapdf,ok,icon0.png;shot_01.png;shot_02.png;shot_03.png;shot_04.png;shot_05.png;SOURCES.txt;vitapdf.vpk,,https://archive.org/details/psvitaalive-vitapdf
vitapluginsmanager,psvitaalive-vitapluginsmanager,ok,icon0.png;shot_01.png;SOURCES.txt;vitapluginsmanager.vpk,,https://archive.org/details/psvitaalive-vitapluginsmanager
vitaquake,psvitaalive-vitaquake,ok,icon0.png;shot_01.png;shot_02.png;shot_03.png;shot_04.png;shot_05.png;SOURCES.txt;vitaquake.vpk,,https://archive.org/details/psvitaalive-vitaquake
vitaquakeii,psvitaalive-vitaquakeii,ok,icon0.png;shot_01.png;shot_02.png;shot_03.png;shot_04.png;shot_05.png;SOURCES.txt;vitaquakeii.vpk,,https://archive.org/details/psvitaalive-vitaquakeii
vitaquakeiii,psvitaalive-vitaquakeiii,ok,icon0.png;shot_01.png;shot_02.png;shot_03.png;shot_04.png;shot_05.png;SOURCES.txt;vitaquakeiii.vpk,,https://archive.org/details/psvitaalive-vitaquakeiii
vitarebootshutdown,psvitaalive-vitarebootshutdown,ok,icon0.png;shot_01.png;shot_02.png;SOURCES.txt;vitarebootshutdown.vpk,,https://archive.org/details/psvitaalive-vitarebootshutdown
vitarps5,psvitaalive-vitarps5,ok,icon0.png;shot_01.png;shot_02.png;shot_03.png;shot_04.png;shot_05.png;SOURCES.txt;VitakiFork-v3.0.3.vpk,,https://archive.org/details/psvitaalive-vitarps5
vitartcw,psvitaalive-vitartcw,ok,icon0.png;shot_01.png;shot_02.png;shot_03.png;shot_04.png;shot_05.png;SOURCES.txt;vitartcw.vpk,,https://archive.org/details/psvitaalive-vitartcw
vitarw,psvitaalive-vitarw,ok,icon0.png;shot_01.png;SOURCES.txt;vitarw.vpk,,https://archive.org/details/psvitaalive-vitarw
vitascreenflasher,psvitaalive-vitascreenflasher,ok,icon0.png;shot_01.png;SOURCES.txt;vitascreenflasher.vpk,,https://archive.org/details/psvitaalive-vitascreenflasher
vitashell,psvitaalive-vitashell,ok,icon0.png;shot_01.png;shot_02.png;shot_03.png;shot_04.png;shot_05.png;SOURCES.txt;vitashell.vpk,,https://archive.org/details/psvitaalive-vitashell
vitashell-theme-manager,psvitaalive-vitashell-theme-manager,ok,icon0.png;shot_01.png;shot_02.png;shot_03.png;SOURCES.txt;vitashell-theme-manager.vpk,,https://archive.org/details/psvitaalive-vitashell-theme-manager
vitasnake,psvitaalive-vitasnake,ok,icon0.png;shot_01.png;shot_02.png;shot_03.png;shot_04.png;shot_05.png;SOURCES.txt;vitasnake.vpk,,https://archive.org/details/psvitaalive-vitasnake
vitasph,psvitaalive-vitasph,ok,icon0.png;shot_01.png;shot_02.png;shot_03.png;shot_04.png;SOURCES.txt;vitasph.vpk,,https://archive.org/details/psvitaalive-vitasph
vitassh,psvitaalive-vitassh,ok,icon0.png;shot_01.png;shot_02.png;shot_03.png;shot_04.png;shot_05.png;SOURCES.txt;vitassh.vpk,,https://archive.org/details/psvitaalive-vitassh
vitasudoku,psvitaalive-vitasudoku,ok,icon0.png;shot_01.png;shot_02.png;SOURCES.txt;vitasudoku.vpk,,https://archive.org/details/psvitaalive-vitasudoku
vitatester,psvitaalive-vitatester,ok,icon0.png;shot_01.png;shot_02.png;shot_03.png;shot_04.png;shot_05.png;SOURCES.txt;vitatester.vpk,,https://archive.org/details/psvitaalive-vitatester
vitatoolbox,psvitaalive-vitatoolbox,ok,icon0.png;shot_01.png;shot_02.png;SOURCES.txt;vitatoolbox.vpk,,https://archive.org/details/psvitaalive-vitatoolbox
vitavault,psvitaalive-vitavault,ok,icon0.png;shot_01.png;shot_02.png;SOURCES.txt;vitavault.vpk,,https://archive.org/details/psvitaalive-vitavault
vitavoyager,psvitaalive-vitavoyager,ok,icon0.png;shot_01.png;shot_02.png;shot_03.png;shot_04.png;shot_05.png;SOURCES.txt;vitavoyager.vpk,,https://archive.org/details/psvitaalive-vitavoyager
vitawanted,psvitaalive-vitawanted,ok,icon0.png;shot_01.png;shot_02.png;SOURCES.txt;vitawanted.vpk,,https://archive.org/details/psvitaalive-vitawanted
vitawave,psvitaalive-vitawave,ok,icon0.png;shot_01.png;shot_02.png;shot_03.png;shot_04.png;shot_05.png;SOURCES.txt;VitaWave.vpk,,https://archive.org/details/psvitaalive-vitawave
vitawolfen,psvitaalive-vitawolfen,ok,icon0.png;shot_01.png;shot_02.png;SOURCES.txt;vitawolfen.vpk,,https://archive.org/details/psvitaalive-vitawolfen
vitaxash3d,psvitaalive-vitaxash3d,ok,icon0.png;shot_01.png;shot_02.png;SOURCES.txt;vitaxash3d.vpk,,https://archive.org/details/psvitaalive-vitaxash3d
vitetris,psvitaalive-vitetris,ok,icon0.png;shot_01.png;shot_02.png;shot_03.png;shot_04.png;shot_05.png;SOURCES.txt;vitetris.vpk,,https://archive.org/details/psvitaalive-vitetris
vitohlyad,psvitaalive-vitohlyad,ok,icon0.png;shot_01.png;shot_02.png;shot_03.png;shot_04.png;shot_05.png;SOURCES.txt;vitohlyad.vpk,,https://archive.org/details/psvitaalive-vitohlyad
vitout,psvitaalive-vitout,ok,icon0.png;shot_01.png;shot_02.png;shot_03.png;shot_04.png;SOURCES.txt;vitout.vpk,,https://archive.org/details/psvitaalive-vitout
voice-recorder-vita,psvitaalive-voice-recorder-vita,ok,icon0.png;shot_01.png;shot_02.png;SOURCES.txt;voice-recorder-vita.vpk,,https://archive.org/details/psvitaalive-voice-recorder-vita
vopentyrian,psvitaalive-vopentyrian,ok,icon0.png;shot_01.png;shot_02.png;SOURCES.txt;vopentyrian.vpk,,https://archive.org/details/psvitaalive-vopentyrian
vpkmirror,psvitaalive-vpkmirror,ok,icon0.png;shot_01.png;SOURCES.txt;vpkmirror.vpk,,https://archive.org/details/psvitaalive-vpkmirror
vsoi,psvitaalive-vsoi,ok,icon0.png;shot_01.png;SOURCES.txt;vsoi.vpk,,https://archive.org/details/psvitaalive-vsoi
vx7-vita-fm-synthesizer,psvitaalive-vx7-vita-fm-synthesizer,ok,icon0.png;shot_01.png;SOURCES.txt;vx7-vita-fm-synthesizer.vpk,,https://archive.org/details/psvitaalive-vx7-vita-fm-synthesizer
wagic-the-homebrew-vita,psvitaalive-wagic-the-homebrew-vita,ok,icon0.png;shot_01.png;SOURCES.txt;wagic.vpk,,https://archive.org/details/psvitaalive-wagic-the-homebrew-vita
wargus,psvitaalive-wargus,ok,icon0.png;shot_01.png;shot_02.png;shot_03.png;shot_04.png;shot_05.png;SOURCES.txt;wargus.vpk,,https://archive.org/details/psvitaalive-wargus
wasteland-kings,psvitaalive-wasteland-kings,ok,icon0.png;shot_01.png;shot_02.png;SOURCES.txt;wasteland-kings.vpk,,https://archive.org/details/psvitaalive-wasteland-kings
water-closet,psvitaalive-water-closet,ok,icon0.png;shot_01.png;shot_02.png;SOURCES.txt;water-closet.vpk,,https://archive.org/details/psvitaalive-water-closet
we-are-broken,psvitaalive-we-are-broken,ok,icon0.png;shot_01.png;shot_02.png;shot_03.png;shot_04.png;SOURCES.txt;we-are-broken.vpk,,https://archive.org/details/psvitaalive-we-are-broken
wheel-of-the-year,psvitaalive-wheel-of-the-year,ok,icon0.png;shot_01.png;SOURCES.txt;WOTY.vpk,,https://archive.org/details/psvitaalive-wheel-of-the-year
where-the-f-ck-did-i-get-these-sunglasses,psvitaalive-where-the-f-ck-did-i-get-these-sunglasses,ok,icon0.png;shot_01.png;shot_02.png;shot_03.png;shot_04.png;shot_05.png;SOURCES.txt;where-the-f-ck-did-i-get-these-sunglasses.vpk,,https://archive.org/details/psvitaalive-where-the-f-ck-did-i-get-these-sunglasses
whitelister,psvitaalive-whitelister,ok,icon0.png;shot_01.png;SOURCES.txt;whitelister.vpk,,https://archive.org/details/psvitaalive-whitelister
wiiero,psvitaalive-wiiero,ok,icon0.png;shot_01.png;shot_02.png;shot_03.png;shot_04.png;SOURCES.txt;wiiero.vpk,,https://archive.org/details/psvitaalive-wiiero
wild-gunman-remake,psvitaalive-wild-gunman-remake,ok,icon0.png;shot_01.png;shot_02.png;SOURCES.txt;wild-gunman-remake.vpk,,https://archive.org/details/psvitaalive-wild-gunman-remake
wiliwili,psvitaalive-wiliwili,ok,icon0.png;shot_01.png;shot_02.png;shot_03.png;shot_04.png;shot_05.png;SOURCES.txt;wiliwili.vpk,,https://archive.org/details/psvitaalive-wiliwili
will-you-snail-vita,psvitaalive-will-you-snail-vita,ok,icon0.png;shot_01.png;shot_02.png;shot_03.png;shot_04.png;shot_05.png;SOURCES.txt;will-you-snail-vita.vpk,,https://archive.org/details/psvitaalive-will-you-snail-vita
wipeout-rewrite-vita,psvitaalive-wipeout-rewrite-vita,ok,icon0.png;shot_01.png;shot_02.png;shot_03.png;shot_04.png;shot_05.png;SOURCES.txt;wipeout-rewrite-vita.vpk,,https://archive.org/details/psvitaalive-wipeout-rewrite-vita
wizard-wizard,psvitaalive-wizard-wizard,ok,icon0.png;shot_01.png;shot_02.png;SOURCES.txt;wizard-wizard.vpk,,https://archive.org/details/psvitaalive-wizard-wizard
wolfenstein-rpg-vita,psvitaalive-wolfenstein-rpg-vita,ok,icon0.png;shot_01.png;shot_02.png;shot_03.png;shot_04.png;shot_05.png;SOURCES.txt;wolfenstein-rpg-vita.vpk,,https://archive.org/details/psvitaalive-wolfenstein-rpg-vita
wonky-adventures,psvitaalive-wonky-adventures,ok,icon0.png;shot_01.png;shot_02.png;shot_03.png;shot_04.png;shot_05.png;SOURCES.txt;wonky-adventures.vpk,,https://archive.org/details/psvitaalive-wonky-adventures
woozyllm,psvitaalive-woozyllm,ok,icon0.png;shot_01.png;shot_02.png;shot_03.png;SOURCES.txt;woozyllm.vpk,,https://archive.org/details/psvitaalive-woozyllm
wordle-sdl,psvitaalive-wordle-sdl,ok,icon0.png;shot_01.png;shot_02.png;shot_03.png;shot_04.png;shot_05.png;SOURCES.txt;wordle-sdl.vpk,,https://archive.org/details/psvitaalive-wordle-sdl
world-of-goo-vita,psvitaalive-world-of-goo-vita,ok,icon0.png;shot_01.png;shot_02.png;shot_03.png;shot_04.png;shot_05.png;SOURCES.txt;world-of-goo-vita.vpk,,https://archive.org/details/psvitaalive-world-of-goo-vita
worlds-hardest-game-vita,psvitaalive-worlds-hardest-game-vita,ok,icon0.png;shot_01.png;SOURCES.txt;worlds-hardest-game-vita.vpk,,https://archive.org/details/psvitaalive-worlds-hardest-game-vita
worminator-3,psvitaalive-worminator-3,ok,icon0.png;shot_01.png;shot_02.png;shot_03.png;shot_04.png;shot_05.png;SOURCES.txt;worminator-3.vpk,,https://archive.org/details/psvitaalive-worminator-3
wrecking-wave,psvitaalive-wrecking-wave,ok,icon0.png;shot_01.png;shot_02.png;shot_03.png;shot_04.png;shot_05.png;SOURCES.txt;wrecking-wave.vpk,,https://archive.org/details/psvitaalive-wrecking-wave
x-racer,psvitaalive-x-racer,ok,icon0.png;shot_01.png;shot_02.png;shot_03.png;shot_04.png;shot_05.png;SOURCES.txt;x-racer.vpk,,https://archive.org/details/psvitaalive-x-racer
x-racer-vita,psvitaalive-x-racer-vita,ok,icon0.png;shot_01.png;SOURCES.txt;x-racer-vita.vpk,,https://archive.org/details/psvitaalive-x-racer-vita
xash3d-fwgs,psvitaalive-xash3d-fwgs,ok,icon0.png;shot_01.png;shot_02.png;SOURCES.txt;xash3d-fwgs.vpk,,https://archive.org/details/psvitaalive-xash3d-fwgs
xump,psvitaalive-xump,ok,icon0.png;shot_01.png;shot_02.png;shot_03.png;shot_04.png;shot_05.png;SOURCES.txt;xump.vpk,,https://archive.org/details/psvitaalive-xump
yamt,psvitaalive-yamt,ok,icon0.png;shot_01.png;SOURCES.txt;yamt.vpk,,https://archive.org/details/psvitaalive-yamt
yardlings-vita,psvitaalive-yardlings-vita,ok,icon0.png;shot_01.png;shot_02.png;shot_03.png;shot_04.png;shot_05.png;SOURCES.txt;yardlings-vita.vpk,,https://archive.org/details/psvitaalive-yardlings-vita
yoyo-loader-vita,psvitaalive-yoyo-loader-vita,ok,icon0.png;shot_01.png;shot_02.png;shot_03.png;shot_04.png;shot_05.png;SOURCES.txt;yoyo-loader-vita.vpk,,https://archive.org/details/psvitaalive-yoyo-loader-vita
z2,psvitaalive-z2,ok,icon0.png;shot_01.png;shot_02.png;shot_03.png;shot_04.png;shot_05.png;SOURCES.txt;z2.vpk,,https://archive.org/details/psvitaalive-z2
zato-vita,psvitaalive-zato-vita,ok,icon0.png;shot_01.png;shot_02.png;SOURCES.txt;zato-vita.vpk,,https://archive.org/details/psvitaalive-zato-vita
zelda-picross-vita,psvitaalive-zelda-picross-vita,ok,icon0.png;shot_01.png;shot_02.png;shot_03.png;shot_04.png;shot_05.png;SOURCES.txt;zelda-picross-vita.vpk,,https://archive.org/details/psvitaalive-zelda-picross-vita
zelda3-vita,psvitaalive-zelda3-vita,ok,icon0.png;shot_01.png;shot_02.png;shot_03.png;shot_04.png;shot_05.png;SOURCES.txt;zelda3-vita.vpk,,https://archive.org/details/psvitaalive-zelda3-vita
zelda3t,psvitaalive-zelda3t,ok,icon0.png;shot_01.png;shot_02.png;shot_03.png;shot_04.png;shot_05.png;SOURCES.txt;zelda3t.vpk,,https://archive.org/details/psvitaalive-zelda3t
zeldansq,psvitaalive-zeldansq,ok,icon0.png;shot_01.png;shot_02.png;shot_03.png;shot_04.png;shot_05.png;SOURCES.txt;zeldansq.vpk,,https://archive.org/details/psvitaalive-zeldansq
zeldaolb,psvitaalive-zeldaolb,ok,icon0.png;shot_01.png;shot_02.png;shot_03.png;shot_04.png;shot_05.png;SOURCES.txt;zeldaolb.vpk,,https://archive.org/details/psvitaalive-zeldaolb
zeldaroth,psvitaalive-zeldaroth,ok,icon0.png;shot_01.png;shot_02.png;shot_03.png;shot_04.png;SOURCES.txt;zeldaroth.vpk,,https://archive.org/details/psvitaalive-zeldaroth
zen-and-the-art-of-transhumanism,psvitaalive-zen-and-the-art-of-transhumanism,ok,icon0.png;shot_01.png;shot_02.png;shot_03.png;shot_04.png;shot_05.png;SOURCES.txt;zen-and-the-art-of-transhumanism.vpk,,https://archive.org/details/psvitaalive-zen-and-the-art-of-transhumanism
zenonia-1-remastered-vita,psvitaalive-zenonia-1-remastered-vita,ok,icon0.png;shot_01.png;shot_02.png;shot_03.png;SOURCES.txt;zenonia-1-remastered-vita.vpk,,https://archive.org/details/psvitaalive-zenonia-1-remastered-vita
zenonia-2,psvitaalive-zenonia-2,ok,icon0.png;shot_01.png;SOURCES.txt;zenonia-2.vpk,,https://archive.org/details/psvitaalive-zenonia-2
zenonia-2-remaster-vita,psvitaalive-zenonia-2-remaster-vita,ok,icon0.png;shot_01.png;shot_02.png;shot_03.png;SOURCES.txt;zenonia-2-remaster-vita.vpk,,https://archive.org/details/psvitaalive-zenonia-2-remaster-vita
zenonia-4-vita,psvitaalive-zenonia-4-vita,ok,icon0.png;shot_01.png;SOURCES.txt;zenonia-4-vita.vpk,,https://archive.org/details/psvitaalive-zenonia-4-vita
zgloom-vita,psvitaalive-zgloom-vita,ok,icon0.png;shot_01.png;shot_02.png;shot_03.png;shot_04.png;shot_05.png;SOURCES.txt;ZGloomCollection.08.2026.vpk,,https://archive.org/details/psvitaalive-zgloom-vita
zik-zak-vita,psvitaalive-zik-zak-vita,ok,icon0.png;shot_01.png;shot_02.png;shot_03.png;shot_04.png;shot_05.png;SOURCES.txt;zik-zak-vita.vpk,,https://archive.org/details/psvitaalive-zik-zak-vita
zombiebound,psvitaalive-zombiebound,ok,icon0.png;shot_01.png;shot_02.png;shot_03.png;shot_04.png;shot_05.png;SOURCES.txt;zombiebound.vpk,,https://archive.org/details/psvitaalive-zombiebound
zombiebound-reloaded,psvitaalive-zombiebound-reloaded,ok,icon0.png;shot_01.png;shot_02.png;shot_03.png;shot_04.png;shot_05.png;SOURCES.txt;zombiebound-reloaded.vpk,,https://archive.org/details/psvitaalive-zombiebound-reloaded
zxvita,psvitaalive-zxvita,ok,icon0.png;shot_01.png;shot_02.png;shot_03.png;shot_04.png;shot_05.png;SOURCES.txt;zxvita.vpk,,https://archive.org/details/psvitaalive-zxvita
